Rank|LRPT|Main Element|Arity|Is Canonical|Is Strictly Increasing|RPT Rank|Sequence Rank|Sequence Max Value
0|0|0|0|True|True|0|1|0
1|1|1|0|False|True|0|2|1
2|0(0)|0|1|True|True|1|3|0
3|2|2|0|False|True|0|4|2
4|0(1)|0|1|True|True|1|6|1
5|1(0)|1|1|False|True|1|5|1
6|0(0, 0)|0|2|True|False|3|7|0
7|3|3|0|False|True|0|8|3
8|0(0(0))|0|1|True|True|2|7|0
9|1(1)|1|1|False|True|1|10|1
10|2(0)|2|1|False|True|1|9|2
11|0(0, 1)|0|2|True|True|3|14|1
12|0(1, 0)|0|2|True|False|3|13|1
13|1(0, 0)|1|2|False|False|3|12|1
14|0(0, 0, 0)|0|3|True|False|8|15|0
15|4|4|0|False|True|0|16|4
16|0(2)|0|1|False|True|1|11|2
17|1(0(0))|1|1|False|True|2|12|1
18|2(1)|2|1|False|True|1|18|2
19|3(0)|3|1|False|True|1|17|3
20|0(0, 0(0))|0|2|True|True|7|15|0
21|0(1, 1)|0|2|True|False|3|25|1
22|1(0, 1)|1|2|False|True|3|23|1
23|0(0(0), 0)|0|2|True|False|6|15|0
24|1(1, 0)|1|2|False|False|3|22|1
25|2(0, 0)|2|2|False|False|3|21|2
26|0(0, 0, 1)|0|3|True|False|8|30|1
27|0(0, 1, 0)|0|3|True|False|8|29|1
28|0(1, 0, 0)|0|3|True|False|8|28|1
29|1(0, 0, 0)|1|3|False|False|8|27|1
30|0(0, 0, 0, 0)|0|4|True|False|22|31|0
31|5|5|0|False|True|0|32|5
32|0(0(1))|0|1|True|True|2|14|1
33|1(2)|1|1|False|True|1|19|2
34|2(0(0))|2|1|False|True|2|21|2
35|3(1)|3|1|False|True|1|34|3
36|4(0)|4|1|False|True|1|33|4
37|0(0, 2)|0|2|False|True|3|26|2
38|0(1, 0(0))|0|2|True|True|7|28|1
39|1(0, 0(0))|1|2|False|True|7|27|1
40|0(0(0), 1)|0|2|True|False|6|30|1
41|1(1, 1)|1|2|False|False|3|42|1
42|2(0, 1)|2|2|False|True|3|40|2
43|0(2, 0)|0|2|False|False|3|24|2
44|1(0(0), 0)|1|2|False|False|6|27|1
45|2(1, 0)|2|2|False|False|3|39|2
46|3(0, 0)|3|2|False|False|3|38|3
47|0(0, 0, 0(0))|0|3|True|False|21|31|0
48|0(0, 1, 1)|0|3|True|False|8|56|1
49|0(1, 0, 1)|0|3|True|False|8|54|1
50|1(0, 0, 1)|1|3|False|False|8|51|1
51|0(0, 0(0), 0)|0|3|True|False|20|31|0
52|0(1, 1, 0)|0|3|True|False|8|53|1
53|1(0, 1, 0)|1|3|False|False|8|50|1
54|0(0(0), 0, 0)|0|3|True|False|17|31|0
55|1(1, 0, 0)|1|3|False|False|8|49|1
56|2(0, 0, 0)|2|3|False|False|8|48|2
57|0(0, 0, 0, 1)|0|4|True|False|22|62|1
58|0(0, 0, 1, 0)|0|4|True|False|22|61|1
59|0(0, 1, 0, 0)|0|4|True|False|22|60|1
60|0(1, 0, 0, 0)|0|4|True|False|22|59|1
61|1(0, 0, 0, 0)|1|4|False|False|22|58|1
62|0(0, 0, 0, 0, 0)|0|5|True|False|64|63|0
63|6|6|0|False|True|0|64|6
64|0(1(0))|0|1|True|True|2|13|1
65|1(0(1))|1|1|False|True|2|23|1
66|2(2)|2|1|False|True|1|35|2
67|3(0(0))|3|1|False|True|2|38|3
68|4(1)|4|1|False|True|1|66|4
69|5(0)|5|1|False|True|1|65|5
70|0(0, 0(1))|0|2|True|True|7|30|1
71|0(1, 2)|0|2|True|True|3|46|2
72|1(0, 2)|1|2|False|True|3|43|2
73|0(0(0), 0(0))|0|2|True|False|16|31|0
74|1(1, 0(0))|1|2|False|True|7|49|1
75|2(0, 0(0))|2|2|False|True|7|48|2
76|0(2, 1)|0|2|False|False|3|45|2
77|1(0(0), 1)|1|2|False|False|6|51|1
78|2(1, 1)|2|2|False|False|3|75|2
79|3(0, 1)|3|2|False|True|3|73|3
80|0(0(1), 0)|0|2|True|False|6|29|1
81|1(2, 0)|1|2|False|False|3|41|2
82|2(0(0), 0)|2|2|False|False|6|48|2
83|3(1, 0)|3|2|False|False|3|72|3
84|4(0, 0)|4|2|False|False|3|71|4
85|0(0, 0, 2)|0|3|False|False|8|57|2
86|0(0, 1, 0(0))|0|3|True|True|21|60|1
87|0(1, 0, 0(0))|0|3|True|False|21|59|1
88|1(0, 0, 0(0))|1|3|False|False|21|58|1
89|0(0, 0(0), 1)|0|3|True|False|20|62|1
90|0(1, 1, 1)|0|3|True|False|8|100|1
91|1(0, 1, 1)|1|3|False|False|8|94|1
92|0(0(0), 0, 1)|0|3|True|False|17|62|1
93|1(1, 0, 1)|1|3|False|False|8|92|1
94|2(0, 0, 1)|2|3|False|False|8|89|2
95|0(0, 2, 0)|0|3|False|False|8|55|2
96|0(1, 0(0), 0)|0|3|True|False|20|59|1
97|1(0, 0(0), 0)|1|3|False|False|20|58|1
98|0(0(0), 1, 0)|0|3|True|False|17|61|1
99|1(1, 1, 0)|1|3|False|False|8|91|1
100|2(0, 1, 0)|2|3|False|False|8|88|2
101|0(2, 0, 0)|0|3|False|False|8|52|2
102|1(0(0), 0, 0)|1|3|False|False|17|58|1
103|2(1, 0, 0)|2|3|False|False|8|87|2
104|3(0, 0, 0)|3|3|False|False|8|86|3
105|0(0, 0, 0, 0(0))|0|4|True|False|63|63|0
106|0(0, 0, 1, 1)|0|4|True|False|22|119|1
107|0(0, 1, 0, 1)|0|4|True|False|22|117|1
108|0(1, 0, 0, 1)|0|4|True|False|22|114|1
109|1(0, 0, 0, 1)|1|4|False|False|22|110|1
110|0(0, 0, 0(0), 0)|0|4|True|False|62|63|0
111|0(0, 1, 1, 0)|0|4|True|False|22|116|1
112|0(1, 0, 1, 0)|0|4|True|False|22|113|1
113|1(0, 0, 1, 0)|1|4|False|False|22|109|1
114|0(0, 0(0), 0, 0)|0|4|True|False|59|63|0
115|0(1, 1, 0, 0)|0|4|True|False|22|112|1
116|1(0, 1, 0, 0)|1|4|False|False|22|108|1
117|0(0(0), 0, 0, 0)|0|4|True|False|50|63|0
118|1(1, 0, 0, 0)|1|4|False|False|22|107|1
119|2(0, 0, 0, 0)|2|4|False|False|22|106|2
120|0(0, 0, 0, 0, 1)|0|5|True|False|64|126|1
121|0(0, 0, 0, 1, 0)|0|5|True|False|64|125|1
122|0(0, 0, 1, 0, 0)|0|5|True|False|64|124|1
123|0(0, 1, 0, 0, 0)|0|5|True|False|64|123|1
124|0(1, 0, 0, 0, 0)|0|5|True|False|64|122|1
125|1(0, 0, 0, 0, 0)|1|5|False|False|64|121|1
126|0(0, 0, 0, 0, 0, 0)|0|6|True|False|196|127|0
127|7|7|0|False|True|0|128|7
128|0(0(0, 0))|0|1|True|True|5|15|0
129|1(1(0))|1|1|False|True|2|22|1
130|2(0(1))|2|1|False|True|2|40|2
131|3(2)|3|1|False|True|1|67|3
132|4(0(0))|4|1|False|True|2|71|4
133|5(1)|5|1|False|True|1|130|5
134|6(0)|6|1|False|True|1|129|6
135|0(0, 1(0))|0|2|True|True|7|29|1
136|0(1, 0(1))|0|2|True|True|7|54|1
137|1(0, 0(1))|1|2|False|True|7|51|1
138|0(0(0), 2)|0|2|False|True|6|57|2
139|1(1, 2)|1|2|False|True|3|79|2
140|2(0, 2)|2|2|False|True|3|76|2
141|0(2, 0(0))|0|2|False|False|7|52|2
142|1(0(0), 0(0))|1|2|False|False|16|58|1
143|2(1, 0(0))|2|2|False|True|7|87|2
144|3(0, 0(0))|3|2|False|True|7|86|3
145|0(0(1), 1)|0|2|True|False|6|56|1
146|1(2, 1)|1|2|False|False|3|78|2
147|2(0(0), 1)|2|2|False|False|6|89|2
148|3(1, 1)|3|2|False|False|3|140|3
149|4(0, 1)|4|2|False|True|3|138|4
150|0(1(0), 0)|0|2|True|False|6|28|1
151|1(0(1), 0)|1|2|False|False|6|50|1
152|2(2, 0)|2|2|False|False|3|74|2
153|3(0(0), 0)|3|2|False|False|6|86|3
154|4(1, 0)|4|2|False|False|3|137|4
155|5(0, 0)|5|2|False|False|3|136|5
156|0(0, 0, 0(1))|0|3|True|False|21|62|1
157|0(0, 1, 2)|0|3|True|True|8|104|2
158|0(1, 0, 2)|0|3|True|False|8|101|2
159|1(0, 0, 2)|1|3|False|False|8|95|2
160|0(0, 0(0), 0(0))|0|3|True|False|58|63|0
161|0(1, 1, 0(0))|0|3|True|False|21|112|1
162|1(0, 1, 0(0))|1|3|False|True|21|108|1
163|0(0(0), 0, 0(0))|0|3|True|False|49|63|0
164|1(1, 0, 0(0))|1|3|False|False|21|107|1
165|2(0, 0, 0(0))|2|3|False|False|21|106|2
166|0(0, 2, 1)|0|3|False|False|8|103|2
167|0(1, 0(0), 1)|0|3|True|False|20|114|1
168|1(0, 0(0), 1)|1|3|False|False|20|110|1
169|0(0(0), 1, 1)|0|3|True|False|17|119|1
170|1(1, 1, 1)|1|3|False|False|8|171|1
171|2(0, 1, 1)|2|3|False|False|8|165|2
172|0(2, 0, 1)|0|3|False|False|8|98|2
173|1(0(0), 0, 1)|1|3|False|False|17|110|1
174|2(1, 0, 1)|2|3|False|False|8|163|2
175|3(0, 0, 1)|3|3|False|False|8|160|3
176|0(0, 0(1), 0)|0|3|True|False|20|61|1
177|0(1, 2, 0)|0|3|True|False|8|99|2
178|1(0, 2, 0)|1|3|False|False|8|93|2
179|0(0(0), 0(0), 0)|0|3|True|False|48|63|0
180|1(1, 0(0), 0)|1|3|False|False|20|107|1
181|2(0, 0(0), 0)|2|3|False|False|20|106|2
182|0(2, 1, 0)|0|3|False|False|8|97|2
183|1(0(0), 1, 0)|1|3|False|False|17|109|1
184|2(1, 1, 0)|2|3|False|False|8|162|2
185|3(0, 1, 0)|3|3|False|False|8|159|3
186|0(0(1), 0, 0)|0|3|True|False|17|60|1
187|1(2, 0, 0)|1|3|False|False|8|90|2
188|2(0(0), 0, 0)|2|3|False|False|17|106|2
189|3(1, 0, 0)|3|3|False|False|8|158|3
190|4(0, 0, 0)|4|3|False|False|8|157|4
191|0(0, 0, 0, 2)|0|4|False|False|22|120|2
192|0(0, 0, 1, 0(0))|0|4|True|False|63|124|1
193|0(0, 1, 0, 0(0))|0|4|True|False|63|123|1
194|0(1, 0, 0, 0(0))|0|4|True|False|63|122|1
195|1(0, 0, 0, 0(0))|1|4|False|False|63|121|1
196|0(0, 0, 0(0), 1)|0|4|True|False|62|126|1
197|0(0, 1, 1, 1)|0|4|True|False|22|221|1
198|0(1, 0, 1, 1)|0|4|True|False|22|215|1
199|1(0, 0, 1, 1)|1|4|False|False|22|205|1
200|0(0, 0(0), 0, 1)|0|4|True|False|59|126|1
201|0(1, 1, 0, 1)|0|4|True|False|22|213|1
202|1(0, 1, 0, 1)|1|4|False|False|22|203|1
203|0(0(0), 0, 0, 1)|0|4|True|False|50|126|1
204|1(1, 0, 0, 1)|1|4|False|False|22|200|1
205|2(0, 0, 0, 1)|2|4|False|False|22|196|2
206|0(0, 0, 2, 0)|0|4|False|False|22|118|2
207|0(0, 1, 0(0), 0)|0|4|True|False|62|123|1
208|0(1, 0, 0(0), 0)|0|4|True|False|62|122|1
209|1(0, 0, 0(0), 0)|1|4|False|False|62|121|1
210|0(0, 0(0), 1, 0)|0|4|True|False|59|125|1
211|0(1, 1, 1, 0)|0|4|True|False|22|212|1
212|1(0, 1, 1, 0)|1|4|False|False|22|202|1
213|0(0(0), 0, 1, 0)|0|4|True|False|50|125|1
214|1(1, 0, 1, 0)|1|4|False|False|22|199|1
215|2(0, 0, 1, 0)|2|4|False|False|22|195|2
216|0(0, 2, 0, 0)|0|4|False|False|22|115|2
217|0(1, 0(0), 0, 0)|0|4|True|False|59|122|1
218|1(0, 0(0), 0, 0)|1|4|False|False|59|121|1
219|0(0(0), 1, 0, 0)|0|4|True|False|50|124|1
220|1(1, 1, 0, 0)|1|4|False|False|22|198|1
221|2(0, 1, 0, 0)|2|4|False|False|22|194|2
222|0(2, 0, 0, 0)|0|4|False|False|22|111|2
223|1(0(0), 0, 0, 0)|1|4|False|False|50|121|1
224|2(1, 0, 0, 0)|2|4|False|False|22|193|2
225|3(0, 0, 0, 0)|3|4|False|False|22|192|3
226|0(0, 0, 0, 0, 0(0))|0|5|True|False|195|127|0
227|0(0, 0, 0, 1, 1)|0|5|True|False|64|246|1
228|0(0, 0, 1, 0, 1)|0|5|True|False|64|244|1
229|0(0, 1, 0, 0, 1)|0|5|True|False|64|241|1
230|0(1, 0, 0, 0, 1)|0|5|True|False|64|237|1
231|1(0, 0, 0, 0, 1)|1|5|False|False|64|232|1
232|0(0, 0, 0, 0(0), 0)|0|5|True|False|194|127|0
233|0(0, 0, 1, 1, 0)|0|5|True|False|64|243|1
234|0(0, 1, 0, 1, 0)|0|5|True|False|64|240|1
235|0(1, 0, 0, 1, 0)|0|5|True|False|64|236|1
236|1(0, 0, 0, 1, 0)|1|5|False|False|64|231|1
237|0(0, 0, 0(0), 0, 0)|0|5|True|False|191|127|0
238|0(0, 1, 1, 0, 0)|0|5|True|False|64|239|1
239|0(1, 0, 1, 0, 0)|0|5|True|False|64|235|1
240|1(0, 0, 1, 0, 0)|1|5|False|False|64|230|1
241|0(0, 0(0), 0, 0, 0)|0|5|True|False|182|127|0
242|0(1, 1, 0, 0, 0)|0|5|True|False|64|234|1
243|1(0, 1, 0, 0, 0)|1|5|False|False|64|229|1
244|0(0(0), 0, 0, 0, 0)|0|5|True|False|154|127|0
245|1(1, 0, 0, 0, 0)|1|5|False|False|64|228|1
246|2(0, 0, 0, 0, 0)|2|5|False|False|64|227|2
247|0(0, 0, 0, 0, 0, 1)|0|6|True|False|196|254|1
248|0(0, 0, 0, 0, 1, 0)|0|6|True|False|196|253|1
249|0(0, 0, 0, 1, 0, 0)|0|6|True|False|196|252|1
250|0(0, 0, 1, 0, 0, 0)|0|6|True|False|196|251|1
251|0(0, 1, 0, 0, 0, 0)|0|6|True|False|196|250|1
252|0(1, 0, 0, 0, 0, 0)|0|6|True|False|196|249|1
253|1(0, 0, 0, 0, 0, 0)|1|6|False|False|196|248|1
254|0(0, 0, 0, 0, 0, 0, 0)|0|7|True|False|625|255|0
255|8|8|0|False|True|0|256|8
256|0(3)|0|1|False|True|1|20|3
257|1(0(0, 0))|1|1|False|True|5|27|1
258|2(1(0))|2|1|False|True|2|39|2
259|3(0(1))|3|1|False|True|2|73|3
260|4(2)|4|1|False|True|1|131|4
261|5(0(0))|5|1|False|True|2|136|5
262|6(1)|6|1|False|True|1|258|6
263|7(0)|7|1|False|True|1|257|7
264|0(0, 0(0, 0))|0|2|True|True|19|31|0
265|0(1, 1(0))|0|2|True|True|7|53|1
266|1(0, 1(0))|1|2|False|True|7|50|1
267|0(0(0), 0(1))|0|2|True|True|16|62|1
268|1(1, 0(1))|1|2|False|True|7|92|1
269|2(0, 0(1))|2|2|False|True|7|89|2
270|0(2, 2)|0|2|False|False|3|83|2
271|1(0(0), 2)|1|2|False|True|6|95|2
272|2(1, 2)|2|2|False|True|3|144|2
273|3(0, 2)|3|2|False|True|3|141|3
274|0(0(1), 0(0))|0|2|True|False|16|60|1
275|1(2, 0(0))|1|2|False|False|7|90|2
276|2(0(0), 0(0))|2|2|False|False|16|106|2
277|3(1, 0(0))|3|2|False|True|7|158|3
278|4(0, 0(0))|4|2|False|True|7|157|4
279|0(1(0), 1)|0|2|True|False|6|54|1
280|1(0(1), 1)|1|2|False|False|6|94|1
281|2(2, 1)|2|2|False|False|3|143|2
282|3(0(0), 1)|3|2|False|False|6|160|3
283|4(1, 1)|4|2|False|False|3|269|4
284|5(0, 1)|5|2|False|True|3|267|5
285|0(0(0, 0), 0)|0|2|True|False|15|31|0
286|1(1(0), 0)|1|2|False|False|6|49|1
287|2(0(1), 0)|2|2|False|False|6|88|2
288|3(2, 0)|3|2|False|False|3|139|3
289|4(0(0), 0)|4|2|False|False|6|157|4
290|5(1, 0)|5|2|False|False|3|266|5
291|6(0, 0)|6|2|False|False|3|265|6
292|0(0, 0, 1(0))|0|3|True|False|21|61|1
293|0(0, 1, 0(1))|0|3|True|True|21|117|1
294|0(1, 0, 0(1))|0|3|True|False|21|114|1
295|1(0, 0, 0(1))|1|3|False|False|21|110|1
296|0(0, 0(0), 2)|0|3|False|True|20|120|2
297|0(1, 1, 2)|0|3|True|False|8|185|2
298|1(0, 1, 2)|1|3|False|True|8|175|2
299|0(0(0), 0, 2)|0|3|False|False|17|120|2
300|1(1, 0, 2)|1|3|False|False|8|172|2
301|2(0, 0, 2)|2|3|False|False|8|166|2
302|0(0, 2, 0(0))|0|3|False|False|21|115|2
303|0(1, 0(0), 0(0))|0|3|True|False|58|122|1
304|1(0, 0(0), 0(0))|1|3|False|False|58|121|1
305|0(0(0), 1, 0(0))|0|3|True|False|49|124|1
306|1(1, 1, 0(0))|1|3|False|False|21|198|1
307|2(0, 1, 0(0))|2|3|False|True|21|194|2
308|0(2, 0, 0(0))|0|3|False|False|21|111|2
309|1(0(0), 0, 0(0))|1|3|False|False|49|121|1
310|2(1, 0, 0(0))|2|3|False|False|21|193|2
311|3(0, 0, 0(0))|3|3|False|False|21|192|3
312|0(0, 0(1), 1)|0|3|True|False|20|119|1
313|0(1, 2, 1)|0|3|True|False|8|184|2
314|1(0, 2, 1)|1|3|False|False|8|174|2
315|0(0(0), 0(0), 1)|0|3|True|False|48|126|1
316|1(1, 0(0), 1)|1|3|False|False|20|200|1
317|2(0, 0(0), 1)|2|3|False|False|20|196|2
318|0(2, 1, 1)|0|3|False|False|8|181|2
319|1(0(0), 1, 1)|1|3|False|False|17|205|1
320|2(1, 1, 1)|2|3|False|False|8|307|2
321|3(0, 1, 1)|3|3|False|False|8|301|3
322|0(0(1), 0, 1)|0|3|True|False|17|117|1
323|1(2, 0, 1)|1|3|False|False|8|169|2
324|2(0(0), 0, 1)|2|3|False|False|17|196|2
325|3(1, 0, 1)|3|3|False|False|8|299|3
326|4(0, 0, 1)|4|3|False|False|8|296|4
327|0(0, 1(0), 0)|0|3|True|False|20|60|1
328|0(1, 0(1), 0)|0|3|True|False|20|113|1
329|1(0, 0(1), 0)|1|3|False|False|20|109|1
330|0(0(0), 2, 0)|0|3|False|False|17|118|2
331|1(1, 2, 0)|1|3|False|False|8|170|2
332|2(0, 2, 0)|2|3|False|False|8|164|2
333|0(2, 0(0), 0)|0|3|False|False|20|111|2
334|1(0(0), 0(0), 0)|1|3|False|False|48|121|1
335|2(1, 0(0), 0)|2|3|False|False|20|193|2
336|3(0, 0(0), 0)|3|3|False|False|20|192|3
337|0(0(1), 1, 0)|0|3|True|False|17|116|1
338|1(2, 1, 0)|1|3|False|False|8|168|2
339|2(0(0), 1, 0)|2|3|False|False|17|195|2
340|3(1, 1, 0)|3|3|False|False|8|298|3
341|4(0, 1, 0)|4|3|False|False|8|295|4
342|0(1(0), 0, 0)|0|3|True|False|17|59|1
343|1(0(1), 0, 0)|1|3|False|False|17|108|1
344|2(2, 0, 0)|2|3|False|False|8|161|2
345|3(0(0), 0, 0)|3|3|False|False|17|192|3
346|4(1, 0, 0)|4|3|False|False|8|294|4
347|5(0, 0, 0)|5|3|False|False|8|293|5
348|0(0, 0, 0, 0(1))|0|4|True|False|63|126|1
349|0(0, 0, 1, 2)|0|4|True|False|22|225|2
350|0(0, 1, 0, 2)|0|4|True|False|22|222|2
351|0(1, 0, 0, 2)|0|4|True|False|22|216|2
352|1(0, 0, 0, 2)|1|4|False|False|22|206|2
353|0(0, 0, 0(0), 0(0))|0|4|True|False|190|127|0
354|0(0, 1, 1, 0(0))|0|4|True|False|63|239|1
355|0(1, 0, 1, 0(0))|0|4|True|False|63|235|1
356|1(0, 0, 1, 0(0))|1|4|False|False|63|230|1
357|0(0, 0(0), 0, 0(0))|0|4|True|False|181|127|0
358|0(1, 1, 0, 0(0))|0|4|True|False|63|234|1
359|1(0, 1, 0, 0(0))|1|4|False|False|63|229|1
360|0(0(0), 0, 0, 0(0))|0|4|True|False|153|127|0
361|1(1, 0, 0, 0(0))|1|4|False|False|63|228|1
362|2(0, 0, 0, 0(0))|2|4|False|False|63|227|2
363|0(0, 0, 2, 1)|0|4|False|False|22|224|2
364|0(0, 1, 0(0), 1)|0|4|True|False|62|241|1
365|0(1, 0, 0(0), 1)|0|4|True|False|62|237|1
366|1(0, 0, 0(0), 1)|1|4|False|False|62|232|1
367|0(0, 0(0), 1, 1)|0|4|True|False|59|246|1
368|0(1, 1, 1, 1)|0|4|True|False|22|398|1
369|1(0, 1, 1, 1)|1|4|False|False|22|378|1
370|0(0(0), 0, 1, 1)|0|4|True|False|50|246|1
371|1(1, 0, 1, 1)|1|4|False|False|22|372|1
372|2(0, 0, 1, 1)|2|4|False|False|22|362|2
373|0(0, 2, 0, 1)|0|4|False|False|22|219|2
374|0(1, 0(0), 0, 1)|0|4|True|False|59|237|1
375|1(0, 0(0), 0, 1)|1|4|False|False|59|232|1
376|0(0(0), 1, 0, 1)|0|4|True|False|50|244|1
377|1(1, 1, 0, 1)|1|4|False|False|22|370|1
378|2(0, 1, 0, 1)|2|4|False|False|22|360|2
379|0(2, 0, 0, 1)|0|4|False|False|22|210|2
380|1(0(0), 0, 0, 1)|1|4|False|False|50|232|1
381|2(1, 0, 0, 1)|2|4|False|False|22|357|2
382|3(0, 0, 0, 1)|3|4|False|False|22|353|3
383|0(0, 0, 0(1), 0)|0|4|True|False|62|125|1
384|0(0, 1, 2, 0)|0|4|True|False|22|220|2
385|0(1, 0, 2, 0)|0|4|True|False|22|214|2
386|1(0, 0, 2, 0)|1|4|False|False|22|204|2
387|0(0, 0(0), 0(0), 0)|0|4|True|False|180|127|0
388|0(1, 1, 0(0), 0)|0|4|True|False|62|234|1
389|1(0, 1, 0(0), 0)|1|4|False|False|62|229|1
390|0(0(0), 0, 0(0), 0)|0|4|True|False|152|127|0
391|1(1, 0, 0(0), 0)|1|4|False|False|62|228|1
392|2(0, 0, 0(0), 0)|2|4|False|False|62|227|2
393|0(0, 2, 1, 0)|0|4|False|False|22|218|2
394|0(1, 0(0), 1, 0)|0|4|True|False|59|236|1
395|1(0, 0(0), 1, 0)|1|4|False|False|59|231|1
396|0(0(0), 1, 1, 0)|0|4|True|False|50|243|1
397|1(1, 1, 1, 0)|1|4|False|False|22|369|1
398|2(0, 1, 1, 0)|2|4|False|False|22|359|2
399|0(2, 0, 1, 0)|0|4|False|False|22|209|2
400|1(0(0), 0, 1, 0)|1|4|False|False|50|231|1
401|2(1, 0, 1, 0)|2|4|False|False|22|356|2
402|3(0, 0, 1, 0)|3|4|False|False|22|352|3
403|0(0, 0(1), 0, 0)|0|4|True|False|59|124|1
404|0(1, 2, 0, 0)|0|4|True|False|22|211|2
405|1(0, 2, 0, 0)|1|4|False|False|22|201|2
406|0(0(0), 0(0), 0, 0)|0|4|True|False|149|127|0
407|1(1, 0(0), 0, 0)|1|4|False|False|59|228|1
408|2(0, 0(0), 0, 0)|2|4|False|False|59|227|2
409|0(2, 1, 0, 0)|0|4|False|False|22|208|2
410|1(0(0), 1, 0, 0)|1|4|False|False|50|230|1
411|2(1, 1, 0, 0)|2|4|False|False|22|355|2
412|3(0, 1, 0, 0)|3|4|False|False|22|351|3
413|0(0(1), 0, 0, 0)|0|4|True|False|50|123|1
414|1(2, 0, 0, 0)|1|4|False|False|22|197|2
415|2(0(0), 0, 0, 0)|2|4|False|False|50|227|2
416|3(1, 0, 0, 0)|3|4|False|False|22|350|3
417|4(0, 0, 0, 0)|4|4|False|False|22|349|4
418|0(0, 0, 0, 0, 2)|0|5|False|False|64|247|2
419|0(0, 0, 0, 1, 0(0))|0|5|True|False|195|252|1
420|0(0, 0, 1, 0, 0(0))|0|5|True|False|195|251|1
421|0(0, 1, 0, 0, 0(0))|0|5|True|False|195|250|1
422|0(1, 0, 0, 0, 0(0))|0|5|True|False|195|249|1
423|1(0, 0, 0, 0, 0(0))|1|5|False|False|195|248|1
424|0(0, 0, 0, 0(0), 1)|0|5|True|False|194|254|1
425|0(0, 0, 1, 1, 1)|0|5|True|False|64|469|1
426|0(0, 1, 0, 1, 1)|0|5|True|False|64|463|1
427|0(1, 0, 0, 1, 1)|0|5|True|False|64|453|1
428|1(0, 0, 0, 1, 1)|1|5|False|False|64|438|1
429|0(0, 0, 0(0), 0, 1)|0|5|True|False|191|254|1
430|0(0, 1, 1, 0, 1)|0|5|True|False|64|461|1
431|0(1, 0, 1, 0, 1)|0|5|True|False|64|451|1
432|1(0, 0, 1, 0, 1)|1|5|False|False|64|436|1
433|0(0, 0(0), 0, 0, 1)|0|5|True|False|182|254|1
434|0(1, 1, 0, 0, 1)|0|5|True|False|64|448|1
435|1(0, 1, 0, 0, 1)|1|5|False|False|64|433|1
436|0(0(0), 0, 0, 0, 1)|0|5|True|False|154|254|1
437|1(1, 0, 0, 0, 1)|1|5|False|False|64|429|1
438|2(0, 0, 0, 0, 1)|2|5|False|False|64|424|2
439|0(0, 0, 0, 2, 0)|0|5|False|False|64|245|2
440|0(0, 0, 1, 0(0), 0)|0|5|True|False|194|251|1
441|0(0, 1, 0, 0(0), 0)|0|5|True|False|194|250|1
442|0(1, 0, 0, 0(0), 0)|0|5|True|False|194|249|1
443|1(0, 0, 0, 0(0), 0)|1|5|False|False|194|248|1
444|0(0, 0, 0(0), 1, 0)|0|5|True|False|191|253|1
445|0(0, 1, 1, 1, 0)|0|5|True|False|64|460|1
446|0(1, 0, 1, 1, 0)|0|5|True|False|64|450|1
447|1(0, 0, 1, 1, 0)|1|5|False|False|64|435|1
448|0(0, 0(0), 0, 1, 0)|0|5|True|False|182|253|1
449|0(1, 1, 0, 1, 0)|0|5|True|False|64|447|1
450|1(0, 1, 0, 1, 0)|1|5|False|False|64|432|1
451|0(0(0), 0, 0, 1, 0)|0|5|True|False|154|253|1
452|1(1, 0, 0, 1, 0)|1|5|False|False|64|428|1
453|2(0, 0, 0, 1, 0)|2|5|False|False|64|423|2
454|0(0, 0, 2, 0, 0)|0|5|False|False|64|242|2
455|0(0, 1, 0(0), 0, 0)|0|5|True|False|191|250|1
456|0(1, 0, 0(0), 0, 0)|0|5|True|False|191|249|1
457|1(0, 0, 0(0), 0, 0)|1|5|False|False|191|248|1
458|0(0, 0(0), 1, 0, 0)|0|5|True|False|182|252|1
459|0(1, 1, 1, 0, 0)|0|5|True|False|64|446|1
460|1(0, 1, 1, 0, 0)|1|5|False|False|64|431|1
461|0(0(0), 0, 1, 0, 0)|0|5|True|False|154|252|1
462|1(1, 0, 1, 0, 0)|1|5|False|False|64|427|1
463|2(0, 0, 1, 0, 0)|2|5|False|False|64|422|2
464|0(0, 2, 0, 0, 0)|0|5|False|False|64|238|2
465|0(1, 0(0), 0, 0, 0)|0|5|True|False|182|249|1
466|1(0, 0(0), 0, 0, 0)|1|5|False|False|182|248|1
467|0(0(0), 1, 0, 0, 0)|0|5|True|False|154|251|1
468|1(1, 1, 0, 0, 0)|1|5|False|False|64|426|1
469|2(0, 1, 0, 0, 0)|2|5|False|False|64|421|2
470|0(2, 0, 0, 0, 0)|0|5|False|False|64|233|2
471|1(0(0), 0, 0, 0, 0)|1|5|False|False|154|248|1
472|2(1, 0, 0, 0, 0)|2|5|False|False|64|420|2
473|3(0, 0, 0, 0, 0)|3|5|False|False|64|419|3
474|0(0, 0, 0, 0, 0, 0(0))|0|6|True|False|624|255|0
475|0(0, 0, 0, 0, 1, 1)|0|6|True|False|196|501|1
476|0(0, 0, 0, 1, 0, 1)|0|6|True|False|196|499|1
477|0(0, 0, 1, 0, 0, 1)|0|6|True|False|196|496|1
478|0(0, 1, 0, 0, 0, 1)|0|6|True|False|196|492|1
479|0(1, 0, 0, 0, 0, 1)|0|6|True|False|196|487|1
480|1(0, 0, 0, 0, 0, 1)|1|6|False|False|196|481|1
481|0(0, 0, 0, 0, 0(0), 0)|0|6|True|False|623|255|0
482|0(0, 0, 0, 1, 1, 0)|0|6|True|False|196|498|1
483|0(0, 0, 1, 0, 1, 0)|0|6|True|False|196|495|1
484|0(0, 1, 0, 0, 1, 0)|0|6|True|False|196|491|1
485|0(1, 0, 0, 0, 1, 0)|0|6|True|False|196|486|1
486|1(0, 0, 0, 0, 1, 0)|1|6|False|False|196|480|1
487|0(0, 0, 0, 0(0), 0, 0)|0|6|True|False|620|255|0
488|0(0, 0, 1, 1, 0, 0)|0|6|True|False|196|494|1
489|0(0, 1, 0, 1, 0, 0)|0|6|True|False|196|490|1
490|0(1, 0, 0, 1, 0, 0)|0|6|True|False|196|485|1
491|1(0, 0, 0, 1, 0, 0)|1|6|False|False|196|479|1
492|0(0, 0, 0(0), 0, 0, 0)|0|6|True|False|611|255|0
493|0(0, 1, 1, 0, 0, 0)|0|6|True|False|196|489|1
494|0(1, 0, 1, 0, 0, 0)|0|6|True|False|196|484|1
495|1(0, 0, 1, 0, 0, 0)|1|6|False|False|196|478|1
496|0(0, 0(0), 0, 0, 0, 0)|0|6|True|False|583|255|0
497|0(1, 1, 0, 0, 0, 0)|0|6|True|False|196|483|1
498|1(0, 1, 0, 0, 0, 0)|1|6|False|False|196|477|1
499|0(0(0), 0, 0, 0, 0, 0)|0|6|True|False|493|255|0
500|1(1, 0, 0, 0, 0, 0)|1|6|False|False|196|476|1
501|2(0, 0, 0, 0, 0, 0)|2|6|False|False|196|475|2
502|0(0, 0, 0, 0, 0, 0, 1)|0|7|True|False|625|510|1
503|0(0, 0, 0, 0, 0, 1, 0)|0|7|True|False|625|509|1
504|0(0, 0, 0, 0, 1, 0, 0)|0|7|True|False|625|508|1
505|0(0, 0, 0, 1, 0, 0, 0)|0|7|True|False|625|507|1
506|0(0, 0, 1, 0, 0, 0, 0)|0|7|True|False|625|506|1
507|0(0, 1, 0, 0, 0, 0, 0)|0|7|True|False|625|505|1
508|0(1, 0, 0, 0, 0, 0, 0)|0|7|True|False|625|504|1
509|1(0, 0, 0, 0, 0, 0, 0)|1|7|False|False|625|503|1
510|0(0, 0, 0, 0, 0, 0, 0, 0)|0|8|True|False|2055|511|0
511|9|9|0|False|True|0|512|9
512|0(0(0(0)))|0|1|True|True|4|15|0
513|1(3)|1|1|False|True|1|36|3
514|2(0(0, 0))|2|1|False|True|5|48|2
515|3(1(0))|3|1|False|True|2|72|3
516|4(0(1))|4|1|False|True|2|138|4
517|5(2)|5|1|False|True|1|259|5
518|6(0(0))|6|1|False|True|2|265|6
519|7(1)|7|1|False|True|1|514|7
520|8(0)|8|1|False|True|1|513|8
521|0(0, 3)|0|2|False|True|3|47|3
522|0(1, 0(0, 0))|0|2|True|True|19|59|1
523|1(0, 0(0, 0))|1|2|False|True|19|58|1
524|0(0(0), 1(0))|0|2|True|True|16|61|1
525|1(1, 1(0))|1|2|False|True|7|91|1
526|2(0, 1(0))|2|2|False|True|7|88|2
527|0(2, 0(1))|0|2|False|True|7|98|2
528|1(0(0), 0(1))|1|2|False|True|16|110|1
529|2(1, 0(1))|2|2|False|True|7|163|2
530|3(0, 0(1))|3|2|False|True|7|160|3
531|0(0(1), 2)|0|2|True|False|6|104|2
532|1(2, 2)|1|2|False|False|3|148|2
533|2(0(0), 2)|2|2|False|True|6|166|2
534|3(1, 2)|3|2|False|True|3|273|3
535|4(0, 2)|4|2|False|True|3|270|4
536|0(1(0), 0(0))|0|2|True|False|16|59|1
537|1(0(1), 0(0))|1|2|False|False|16|108|1
538|2(2, 0(0))|2|2|False|False|7|161|2
539|3(0(0), 0(0))|3|2|False|False|16|192|3
540|4(1, 0(0))|4|2|False|True|7|294|4
541|5(0, 0(0))|5|2|False|True|7|293|5
542|0(0(0, 0), 1)|0|2|True|False|15|62|1
543|1(1(0), 1)|1|2|False|False|6|92|1
544|2(0(1), 1)|2|2|False|False|6|165|2
545|3(2, 1)|3|2|False|False|3|272|3
546|4(0(0), 1)|4|2|False|False|6|296|4
547|5(1, 1)|5|2|False|False|3|526|5
548|6(0, 1)|6|2|False|True|3|524|6
549|0(3, 0)|0|2|False|False|3|44|3
550|1(0(0, 0), 0)|1|2|False|False|15|58|1
551|2(1(0), 0)|2|2|False|False|6|87|2
552|3(0(1), 0)|3|2|False|False|6|159|3
553|4(2, 0)|4|2|False|False|3|268|4
554|5(0(0), 0)|5|2|False|False|6|293|5
555|6(1, 0)|6|2|False|False|3|523|6
556|7(0, 0)|7|2|False|False|3|522|7
557|0(0, 0, 0(0, 0))|0|3|True|False|61|63|0
558|0(0, 1, 1(0))|0|3|True|True|21|116|1
559|0(1, 0, 1(0))|0|3|True|False|21|113|1
560|1(0, 0, 1(0))|1|3|False|False|21|109|1
561|0(0, 0(0), 0(1))|0|3|True|True|58|126|1
562|0(1, 1, 0(1))|0|3|True|False|21|213|1
563|1(0, 1, 0(1))|1|3|False|True|21|203|1
564|0(0(0), 0, 0(1))|0|3|True|False|49|126|1
565|1(1, 0, 0(1))|1|3|False|False|21|200|1
566|2(0, 0, 0(1))|2|3|False|False|21|196|2
567|0(0, 2, 2)|0|3|False|False|8|189|2
568|0(1, 0(0), 2)|0|3|True|True|20|216|2
569|1(0, 0(0), 2)|1|3|False|True|20|206|2
570|0(0(0), 1, 2)|0|3|True|False|17|225|2
571|1(1, 1, 2)|1|3|False|False|8|321|2
572|2(0, 1, 2)|2|3|False|True|8|311|2
573|0(2, 0, 2)|0|3|False|False|8|182|2
574|1(0(0), 0, 2)|1|3|False|False|17|206|2
575|2(1, 0, 2)|2|3|False|False|8|308|2
576|3(0, 0, 2)|3|3|False|False|8|302|3
577|0(0, 0(1), 0(0))|0|3|True|False|58|124|1
578|0(1, 2, 0(0))|0|3|True|False|21|211|2
579|1(0, 2, 0(0))|1|3|False|False|21|201|2
580|0(0(0), 0(0), 0(0))|0|3|True|False|148|127|0
581|1(1, 0(0), 0(0))|1|3|False|False|58|228|1
582|2(0, 0(0), 0(0))|2|3|False|False|58|227|2
583|0(2, 1, 0(0))|0|3|False|False|21|208|2
584|1(0(0), 1, 0(0))|1|3|False|False|49|230|1
585|2(1, 1, 0(0))|2|3|False|False|21|355|2
586|3(0, 1, 0(0))|3|3|False|True|21|351|3
587|0(0(1), 0, 0(0))|0|3|True|False|49|123|1
588|1(2, 0, 0(0))|1|3|False|False|21|197|2
589|2(0(0), 0, 0(0))|2|3|False|False|49|227|2
590|3(1, 0, 0(0))|3|3|False|False|21|350|3
591|4(0, 0, 0(0))|4|3|False|False|21|349|4
592|0(0, 1(0), 1)|0|3|True|False|20|117|1
593|0(1, 0(1), 1)|0|3|True|False|20|215|1
594|1(0, 0(1), 1)|1|3|False|False|20|205|1
595|0(0(0), 2, 1)|0|3|False|False|17|224|2
596|1(1, 2, 1)|1|3|False|False|8|320|2
597|2(0, 2, 1)|2|3|False|False|8|310|2
598|0(2, 0(0), 1)|0|3|False|False|20|210|2
599|1(0(0), 0(0), 1)|1|3|False|False|48|232|1
600|2(1, 0(0), 1)|2|3|False|False|20|357|2
601|3(0, 0(0), 1)|3|3|False|False|20|353|3
602|0(0(1), 1, 1)|0|3|True|False|17|221|1
603|1(2, 1, 1)|1|3|False|False|8|317|2
604|2(0(0), 1, 1)|2|3|False|False|17|362|2
605|3(1, 1, 1)|3|3|False|False|8|572|3
606|4(0, 1, 1)|4|3|False|False|8|566|4
607|0(1(0), 0, 1)|0|3|True|False|17|114|1
608|1(0(1), 0, 1)|1|3|False|False|17|203|1
609|2(2, 0, 1)|2|3|False|False|8|305|2
610|3(0(0), 0, 1)|3|3|False|False|17|353|3
611|4(1, 0, 1)|4|3|False|False|8|564|4
612|5(0, 0, 1)|5|3|False|False|8|561|5
613|0(0, 0(0, 0), 0)|0|3|True|False|57|63|0
614|0(1, 1(0), 0)|0|3|True|False|20|112|1
615|1(0, 1(0), 0)|1|3|False|False|20|108|1
616|0(0(0), 0(1), 0)|0|3|True|False|48|125|1
617|1(1, 0(1), 0)|1|3|False|False|20|199|1
618|2(0, 0(1), 0)|2|3|False|False|20|195|2
619|0(2, 2, 0)|0|3|False|False|8|180|2
620|1(0(0), 2, 0)|1|3|False|False|17|204|2
621|2(1, 2, 0)|2|3|False|False|8|306|2
622|3(0, 2, 0)|3|3|False|False|8|300|3
623|0(0(1), 0(0), 0)|0|3|True|False|48|123|1
624|1(2, 0(0), 0)|1|3|False|False|20|197|2
625|2(0(0), 0(0), 0)|2|3|False|False|48|227|2
626|3(1, 0(0), 0)|3|3|False|False|20|350|3
627|4(0, 0(0), 0)|4|3|False|False|20|349|4
628|0(1(0), 1, 0)|0|3|True|False|17|113|1
629|1(0(1), 1, 0)|1|3|False|False|17|202|1
630|2(2, 1, 0)|2|3|False|False|8|304|2
631|3(0(0), 1, 0)|3|3|False|False|17|352|3
632|4(1, 1, 0)|4|3|False|False|8|563|4
633|5(0, 1, 0)|5|3|False|False|8|560|5
634|0(0(0, 0), 0, 0)|0|3|True|False|45|63|0
635|1(1(0), 0, 0)|1|3|False|False|17|107|1
636|2(0(1), 0, 0)|2|3|False|False|17|194|2
637|3(2, 0, 0)|3|3|False|False|8|297|3
638|4(0(0), 0, 0)|4|3|False|False|17|349|4
639|5(1, 0, 0)|5|3|False|False|8|559|5
640|6(0, 0, 0)|6|3|False|False|8|558|6
641|0(0, 0, 0, 1(0))|0|4|True|False|63|125|1
642|0(0, 0, 1, 0(1))|0|4|True|False|63|244|1
643|0(0, 1, 0, 0(1))|0|4|True|False|63|241|1
644|0(1, 0, 0, 0(1))|0|4|True|False|63|237|1
645|1(0, 0, 0, 0(1))|1|4|False|False|63|232|1
646|0(0, 0, 0(0), 2)|0|4|False|False|62|247|2
647|0(0, 1, 1, 2)|0|4|True|False|22|412|2
648|0(1, 0, 1, 2)|0|4|True|False|22|402|2
649|1(0, 0, 1, 2)|1|4|False|False|22|382|2
650|0(0, 0(0), 0, 2)|0|4|False|False|59|247|2
651|0(1, 1, 0, 2)|0|4|True|False|22|399|2
652|1(0, 1, 0, 2)|1|4|False|False|22|379|2
653|0(0(0), 0, 0, 2)|0|4|False|False|50|247|2
654|1(1, 0, 0, 2)|1|4|False|False|22|373|2
655|2(0, 0, 0, 2)|2|4|False|False|22|363|2
656|0(0, 0, 2, 0(0))|0|4|False|False|63|242|2
657|0(0, 1, 0(0), 0(0))|0|4|True|False|190|250|1
658|0(1, 0, 0(0), 0(0))|0|4|True|False|190|249|1
659|1(0, 0, 0(0), 0(0))|1|4|False|False|190|248|1
660|0(0, 0(0), 1, 0(0))|0|4|True|False|181|252|1
661|0(1, 1, 1, 0(0))|0|4|True|False|63|446|1
662|1(0, 1, 1, 0(0))|1|4|False|False|63|431|1
663|0(0(0), 0, 1, 0(0))|0|4|True|False|153|252|1
664|1(1, 0, 1, 0(0))|1|4|False|False|63|427|1
665|2(0, 0, 1, 0(0))|2|4|False|False|63|422|2
666|0(0, 2, 0, 0(0))|0|4|False|False|63|238|2
667|0(1, 0(0), 0, 0(0))|0|4|True|False|181|249|1
668|1(0, 0(0), 0, 0(0))|1|4|False|False|181|248|1
669|0(0(0), 1, 0, 0(0))|0|4|True|False|153|251|1
670|1(1, 1, 0, 0(0))|1|4|False|False|63|426|1
671|2(0, 1, 0, 0(0))|2|4|False|False|63|421|2
672|0(2, 0, 0, 0(0))|0|4|False|False|63|233|2
673|1(0(0), 0, 0, 0(0))|1|4|False|False|153|248|1
674|2(1, 0, 0, 0(0))|2|4|False|False|63|420|2
675|3(0, 0, 0, 0(0))|3|4|False|False|63|419|3
676|0(0, 0, 0(1), 1)|0|4|True|False|62|246|1
677|0(0, 1, 2, 1)|0|4|True|False|22|411|2
678|0(1, 0, 2, 1)|0|4|True|False|22|401|2
679|1(0, 0, 2, 1)|1|4|False|False|22|381|2
680|0(0, 0(0), 0(0), 1)|0|4|True|False|180|254|1
681|0(1, 1, 0(0), 1)|0|4|True|False|62|448|1
682|1(0, 1, 0(0), 1)|1|4|False|False|62|433|1
683|0(0(0), 0, 0(0), 1)|0|4|True|False|152|254|1
684|1(1, 0, 0(0), 1)|1|4|False|False|62|429|1
685|2(0, 0, 0(0), 1)|2|4|False|False|62|424|2
686|0(0, 2, 1, 1)|0|4|False|False|22|408|2
687|0(1, 0(0), 1, 1)|0|4|True|False|59|453|1
688|1(0, 0(0), 1, 1)|1|4|False|False|59|438|1
689|0(0(0), 1, 1, 1)|0|4|True|False|50|469|1
690|1(1, 1, 1, 1)|1|4|False|False|22|691|1
691|2(0, 1, 1, 1)|2|4|False|False|22|671|2
692|0(2, 0, 1, 1)|0|4|False|False|22|392|2
693|1(0(0), 0, 1, 1)|1|4|False|False|50|438|1
694|2(1, 0, 1, 1)|2|4|False|False|22|665|2
695|3(0, 0, 1, 1)|3|4|False|False|22|655|3
696|0(0, 0(1), 0, 1)|0|4|True|False|59|244|1
697|0(1, 2, 0, 1)|0|4|True|False|22|396|2
698|1(0, 2, 0, 1)|1|4|False|False|22|376|2
699|0(0(0), 0(0), 0, 1)|0|4|True|False|149|254|1
700|1(1, 0(0), 0, 1)|1|4|False|False|59|429|1
701|2(0, 0(0), 0, 1)|2|4|False|False|59|424|2
702|0(2, 1, 0, 1)|0|4|False|False|22|390|2
703|1(0(0), 1, 0, 1)|1|4|False|False|50|436|1
704|2(1, 1, 0, 1)|2|4|False|False|22|663|2
705|3(0, 1, 0, 1)|3|4|False|False|22|653|3
706|0(0(1), 0, 0, 1)|0|4|True|False|50|241|1
707|1(2, 0, 0, 1)|1|4|False|False|22|367|2
708|2(0(0), 0, 0, 1)|2|4|False|False|50|424|2
709|3(1, 0, 0, 1)|3|4|False|False|22|650|3
710|4(0, 0, 0, 1)|4|4|False|False|22|646|4
711|0(0, 0, 1(0), 0)|0|4|True|False|62|124|1
712|0(0, 1, 0(1), 0)|0|4|True|False|62|240|1
713|0(1, 0, 0(1), 0)|0|4|True|False|62|236|1
714|1(0, 0, 0(1), 0)|1|4|False|False|62|231|1
715|0(0, 0(0), 2, 0)|0|4|False|False|59|245|2
716|0(1, 1, 2, 0)|0|4|True|False|22|397|2
717|1(0, 1, 2, 0)|1|4|False|False|22|377|2
718|0(0(0), 0, 2, 0)|0|4|False|False|50|245|2
719|1(1, 0, 2, 0)|1|4|False|False|22|371|2
720|2(0, 0, 2, 0)|2|4|False|False|22|361|2
721|0(0, 2, 0(0), 0)|0|4|False|False|62|238|2
722|0(1, 0(0), 0(0), 0)|0|4|True|False|180|249|1
723|1(0, 0(0), 0(0), 0)|1|4|False|False|180|248|1
724|0(0(0), 1, 0(0), 0)|0|4|True|False|152|251|1
725|1(1, 1, 0(0), 0)|1|4|False|False|62|426|1
726|2(0, 1, 0(0), 0)|2|4|False|False|62|421|2
727|0(2, 0, 0(0), 0)|0|4|False|False|62|233|2
728|1(0(0), 0, 0(0), 0)|1|4|False|False|152|248|1
729|2(1, 0, 0(0), 0)|2|4|False|False|62|420|2
730|3(0, 0, 0(0), 0)|3|4|False|False|62|419|3
731|0(0, 0(1), 1, 0)|0|4|True|False|59|243|1
732|0(1, 2, 1, 0)|0|4|True|False|22|395|2
733|1(0, 2, 1, 0)|1|4|False|False|22|375|2
734|0(0(0), 0(0), 1, 0)|0|4|True|False|149|253|1
735|1(1, 0(0), 1, 0)|1|4|False|False|59|428|1
736|2(0, 0(0), 1, 0)|2|4|False|False|59|423|2
737|0(2, 1, 1, 0)|0|4|False|False|22|389|2
738|1(0(0), 1, 1, 0)|1|4|False|False|50|435|1
739|2(1, 1, 1, 0)|2|4|False|False|22|662|2
740|3(0, 1, 1, 0)|3|4|False|False|22|652|3
741|0(0(1), 0, 1, 0)|0|4|True|False|50|240|1
742|1(2, 0, 1, 0)|1|4|False|False|22|366|2
743|2(0(0), 0, 1, 0)|2|4|False|False|50|423|2
744|3(1, 0, 1, 0)|3|4|False|False|22|649|3
745|4(0, 0, 1, 0)|4|4|False|False|22|645|4
746|0(0, 1(0), 0, 0)|0|4|True|False|59|123|1
747|0(1, 0(1), 0, 0)|0|4|True|False|59|235|1
748|1(0, 0(1), 0, 0)|1|4|False|False|59|230|1
749|0(0(0), 2, 0, 0)|0|4|False|False|50|242|2
750|1(1, 2, 0, 0)|1|4|False|False|22|368|2
751|2(0, 2, 0, 0)|2|4|False|False|22|358|2
752|0(2, 0(0), 0, 0)|0|4|False|False|59|233|2
753|1(0(0), 0(0), 0, 0)|1|4|False|False|149|248|1
754|2(1, 0(0), 0, 0)|2|4|False|False|59|420|2
755|3(0, 0(0), 0, 0)|3|4|False|False|59|419|3
756|0(0(1), 1, 0, 0)|0|4|True|False|50|239|1
757|1(2, 1, 0, 0)|1|4|False|False|22|365|2
758|2(0(0), 1, 0, 0)|2|4|False|False|50|422|2
759|3(1, 1, 0, 0)|3|4|False|False|22|648|3
760|4(0, 1, 0, 0)|4|4|False|False|22|644|4
761|0(1(0), 0, 0, 0)|0|4|True|False|50|122|1
762|1(0(1), 0, 0, 0)|1|4|False|False|50|229|1
763|2(2, 0, 0, 0)|2|4|False|False|22|354|2
764|3(0(0), 0, 0, 0)|3|4|False|False|50|419|3
765|4(1, 0, 0, 0)|4|4|False|False|22|643|4
766|5(0, 0, 0, 0)|5|4|False|False|22|642|5
767|0(0, 0, 0, 0, 0(1))|0|5|True|False|195|254|1
768|0(0, 0, 0, 1, 2)|0|5|True|False|64|473|2
769|0(0, 0, 1, 0, 2)|0|5|True|False|64|470|2
770|0(0, 1, 0, 0, 2)|0|5|True|False|64|464|2
771|0(1, 0, 0, 0, 2)|0|5|True|False|64|454|2
772|1(0, 0, 0, 0, 2)|1|5|False|False|64|439|2
773|0(0, 0, 0, 0(0), 0(0))|0|5|True|False|619|255|0
774|0(0, 0, 1, 1, 0(0))|0|5|True|False|195|494|1
775|0(0, 1, 0, 1, 0(0))|0|5|True|False|195|490|1
776|0(1, 0, 0, 1, 0(0))|0|5|True|False|195|485|1
777|1(0, 0, 0, 1, 0(0))|1|5|False|False|195|479|1
778|0(0, 0, 0(0), 0, 0(0))|0|5|True|False|610|255|0
779|0(0, 1, 1, 0, 0(0))|0|5|True|False|195|489|1
780|0(1, 0, 1, 0, 0(0))|0|5|True|False|195|484|1
781|1(0, 0, 1, 0, 0(0))|1|5|False|False|195|478|1
782|0(0, 0(0), 0, 0, 0(0))|0|5|True|False|582|255|0
783|0(1, 1, 0, 0, 0(0))|0|5|True|False|195|483|1
784|1(0, 1, 0, 0, 0(0))|1|5|False|False|195|477|1
785|0(0(0), 0, 0, 0, 0(0))|0|5|True|False|492|255|0
786|1(1, 0, 0, 0, 0(0))|1|5|False|False|195|476|1
787|2(0, 0, 0, 0, 0(0))|2|5|False|False|195|475|2
788|0(0, 0, 0, 2, 1)|0|5|False|False|64|472|2
789|0(0, 0, 1, 0(0), 1)|0|5|True|False|194|496|1
790|0(0, 1, 0, 0(0), 1)|0|5|True|False|194|492|1
791|0(1, 0, 0, 0(0), 1)|0|5|True|False|194|487|1
792|1(0, 0, 0, 0(0), 1)|1|5|False|False|194|481|1
793|0(0, 0, 0(0), 1, 1)|0|5|True|False|191|501|1
794|0(0, 1, 1, 1, 1)|0|5|True|False|64|873|1
795|0(1, 0, 1, 1, 1)|0|5|True|False|64|853|1
796|1(0, 0, 1, 1, 1)|1|5|False|False|64|818|1
797|0(0, 0(0), 0, 1, 1)|0|5|True|False|182|501|1
798|0(1, 1, 0, 1, 1)|0|5|True|False|64|847|1
799|1(0, 1, 0, 1, 1)|1|5|False|False|64|812|1
800|0(0(0), 0, 0, 1, 1)|0|5|True|False|154|501|1
801|1(1, 0, 0, 1, 1)|1|5|False|False|64|802|1
802|2(0, 0, 0, 1, 1)|2|5|False|False|64|787|2
803|0(0, 0, 2, 0, 1)|0|5|False|False|64|467|2
804|0(0, 1, 0(0), 0, 1)|0|5|True|False|191|492|1
805|0(1, 0, 0(0), 0, 1)|0|5|True|False|191|487|1
806|1(0, 0, 0(0), 0, 1)|1|5|False|False|191|481|1
807|0(0, 0(0), 1, 0, 1)|0|5|True|False|182|499|1
808|0(1, 1, 1, 0, 1)|0|5|True|False|64|845|1
809|1(0, 1, 1, 0, 1)|1|5|False|False|64|810|1
810|0(0(0), 0, 1, 0, 1)|0|5|True|False|154|499|1
811|1(1, 0, 1, 0, 1)|1|5|False|False|64|800|1
812|2(0, 0, 1, 0, 1)|2|5|False|False|64|785|2
813|0(0, 2, 0, 0, 1)|0|5|False|False|64|458|2
814|0(1, 0(0), 0, 0, 1)|0|5|True|False|182|487|1
815|1(0, 0(0), 0, 0, 1)|1|5|False|False|182|481|1
816|0(0(0), 1, 0, 0, 1)|0|5|True|False|154|496|1
817|1(1, 1, 0, 0, 1)|1|5|False|False|64|797|1
818|2(0, 1, 0, 0, 1)|2|5|False|False|64|782|2
819|0(2, 0, 0, 0, 1)|0|5|False|False|64|444|2
820|1(0(0), 0, 0, 0, 1)|1|5|False|False|154|481|1
821|2(1, 0, 0, 0, 1)|2|5|False|False|64|778|2
822|3(0, 0, 0, 0, 1)|3|5|False|False|64|773|3
823|0(0, 0, 0, 0(1), 0)|0|5|True|False|194|253|1
824|0(0, 0, 1, 2, 0)|0|5|True|False|64|468|2
825|0(0, 1, 0, 2, 0)|0|5|True|False|64|462|2
826|0(1, 0, 0, 2, 0)|0|5|True|False|64|452|2
827|1(0, 0, 0, 2, 0)|1|5|False|False|64|437|2
828|0(0, 0, 0(0), 0(0), 0)|0|5|True|False|609|255|0
829|0(0, 1, 1, 0(0), 0)|0|5|True|False|194|489|1
830|0(1, 0, 1, 0(0), 0)|0|5|True|False|194|484|1
831|1(0, 0, 1, 0(0), 0)|1|5|False|False|194|478|1
832|0(0, 0(0), 0, 0(0), 0)|0|5|True|False|581|255|0
833|0(1, 1, 0, 0(0), 0)|0|5|True|False|194|483|1
834|1(0, 1, 0, 0(0), 0)|1|5|False|False|194|477|1
835|0(0(0), 0, 0, 0(0), 0)|0|5|True|False|491|255|0
836|1(1, 0, 0, 0(0), 0)|1|5|False|False|194|476|1
837|2(0, 0, 0, 0(0), 0)|2|5|False|False|194|475|2
838|0(0, 0, 2, 1, 0)|0|5|False|False|64|466|2
839|0(0, 1, 0(0), 1, 0)|0|5|True|False|191|491|1
840|0(1, 0, 0(0), 1, 0)|0|5|True|False|191|486|1
841|1(0, 0, 0(0), 1, 0)|1|5|False|False|191|480|1
842|0(0, 0(0), 1, 1, 0)|0|5|True|False|182|498|1
843|0(1, 1, 1, 1, 0)|0|5|True|False|64|844|1
844|1(0, 1, 1, 1, 0)|1|5|False|False|64|809|1
845|0(0(0), 0, 1, 1, 0)|0|5|True|False|154|498|1
846|1(1, 0, 1, 1, 0)|1|5|False|False|64|799|1
847|2(0, 0, 1, 1, 0)|2|5|False|False|64|784|2
848|0(0, 2, 0, 1, 0)|0|5|False|False|64|457|2
849|0(1, 0(0), 0, 1, 0)|0|5|True|False|182|486|1
850|1(0, 0(0), 0, 1, 0)|1|5|False|False|182|480|1
851|0(0(0), 1, 0, 1, 0)|0|5|True|False|154|495|1
852|1(1, 1, 0, 1, 0)|1|5|False|False|64|796|1
853|2(0, 1, 0, 1, 0)|2|5|False|False|64|781|2
854|0(2, 0, 0, 1, 0)|0|5|False|False|64|443|2
855|1(0(0), 0, 0, 1, 0)|1|5|False|False|154|480|1
856|2(1, 0, 0, 1, 0)|2|5|False|False|64|777|2
857|3(0, 0, 0, 1, 0)|3|5|False|False|64|772|3
858|0(0, 0, 0(1), 0, 0)|0|5|True|False|191|252|1
859|0(0, 1, 2, 0, 0)|0|5|True|False|64|459|2
860|0(1, 0, 2, 0, 0)|0|5|True|False|64|449|2
861|1(0, 0, 2, 0, 0)|1|5|False|False|64|434|2
862|0(0, 0(0), 0(0), 0, 0)|0|5|True|False|578|255|0
863|0(1, 1, 0(0), 0, 0)|0|5|True|False|191|483|1
864|1(0, 1, 0(0), 0, 0)|1|5|False|False|191|477|1
865|0(0(0), 0, 0(0), 0, 0)|0|5|True|False|488|255|0
866|1(1, 0, 0(0), 0, 0)|1|5|False|False|191|476|1
867|2(0, 0, 0(0), 0, 0)|2|5|False|False|191|475|2
868|0(0, 2, 1, 0, 0)|0|5|False|False|64|456|2
869|0(1, 0(0), 1, 0, 0)|0|5|True|False|182|485|1
870|1(0, 0(0), 1, 0, 0)|1|5|False|False|182|479|1
871|0(0(0), 1, 1, 0, 0)|0|5|True|False|154|494|1
872|1(1, 1, 1, 0, 0)|1|5|False|False|64|795|1
873|2(0, 1, 1, 0, 0)|2|5|False|False|64|780|2
874|0(2, 0, 1, 0, 0)|0|5|False|False|64|442|2
875|1(0(0), 0, 1, 0, 0)|1|5|False|False|154|479|1
876|2(1, 0, 1, 0, 0)|2|5|False|False|64|776|2
877|3(0, 0, 1, 0, 0)|3|5|False|False|64|771|3
878|0(0, 0(1), 0, 0, 0)|0|5|True|False|182|251|1
879|0(1, 2, 0, 0, 0)|0|5|True|False|64|445|2
880|1(0, 2, 0, 0, 0)|1|5|False|False|64|430|2
881|0(0(0), 0(0), 0, 0, 0)|0|5|True|False|479|255|0
882|1(1, 0(0), 0, 0, 0)|1|5|False|False|182|476|1
883|2(0, 0(0), 0, 0, 0)|2|5|False|False|182|475|2
884|0(2, 1, 0, 0, 0)|0|5|False|False|64|441|2
885|1(0(0), 1, 0, 0, 0)|1|5|False|False|154|478|1
886|2(1, 1, 0, 0, 0)|2|5|False|False|64|775|2
887|3(0, 1, 0, 0, 0)|3|5|False|False|64|770|3
888|0(0(1), 0, 0, 0, 0)|0|5|True|False|154|250|1
889|1(2, 0, 0, 0, 0)|1|5|False|False|64|425|2
890|2(0(0), 0, 0, 0, 0)|2|5|False|False|154|475|2
891|3(1, 0, 0, 0, 0)|3|5|False|False|64|769|3
892|4(0, 0, 0, 0, 0)|4|5|False|False|64|768|4
893|0(0, 0, 0, 0, 0, 2)|0|6|False|False|196|502|2
894|0(0, 0, 0, 0, 1, 0(0))|0|6|True|False|624|508|1
895|0(0, 0, 0, 1, 0, 0(0))|0|6|True|False|624|507|1
896|0(0, 0, 1, 0, 0, 0(0))|0|6|True|False|624|506|1
897|0(0, 1, 0, 0, 0, 0(0))|0|6|True|False|624|505|1
898|0(1, 0, 0, 0, 0, 0(0))|0|6|True|False|624|504|1
899|1(0, 0, 0, 0, 0, 0(0))|1|6|False|False|624|503|1
900|0(0, 0, 0, 0, 0(0), 1)|0|6|True|False|623|510|1
901|0(0, 0, 0, 1, 1, 1)|0|6|True|False|196|972|1
902|0(0, 0, 1, 0, 1, 1)|0|6|True|False|196|966|1
903|0(0, 1, 0, 0, 1, 1)|0|6|True|False|196|956|1
904|0(1, 0, 0, 0, 1, 1)|0|6|True|False|196|941|1
905|1(0, 0, 0, 0, 1, 1)|1|6|False|False|196|920|1
906|0(0, 0, 0, 0(0), 0, 1)|0|6|True|False|620|510|1
907|0(0, 0, 1, 1, 0, 1)|0|6|True|False|196|964|1
908|0(0, 1, 0, 1, 0, 1)|0|6|True|False|196|954|1
909|0(1, 0, 0, 1, 0, 1)|0|6|True|False|196|939|1
910|1(0, 0, 0, 1, 0, 1)|1|6|False|False|196|918|1
911|0(0, 0, 0(0), 0, 0, 1)|0|6|True|False|611|510|1
912|0(0, 1, 1, 0, 0, 1)|0|6|True|False|196|951|1
913|0(1, 0, 1, 0, 0, 1)|0|6|True|False|196|936|1
914|1(0, 0, 1, 0, 0, 1)|1|6|False|False|196|915|1
915|0(0, 0(0), 0, 0, 0, 1)|0|6|True|False|583|510|1
916|0(1, 1, 0, 0, 0, 1)|0|6|True|False|196|932|1
917|1(0, 1, 0, 0, 0, 1)|1|6|False|False|196|911|1
918|0(0(0), 0, 0, 0, 0, 1)|0|6|True|False|493|510|1
919|1(1, 0, 0, 0, 0, 1)|1|6|False|False|196|906|1
920|2(0, 0, 0, 0, 0, 1)|2|6|False|False|196|900|2
921|0(0, 0, 0, 0, 2, 0)|0|6|False|False|196|500|2
922|0(0, 0, 0, 1, 0(0), 0)|0|6|True|False|623|507|1
923|0(0, 0, 1, 0, 0(0), 0)|0|6|True|False|623|506|1
924|0(0, 1, 0, 0, 0(0), 0)|0|6|True|False|623|505|1
925|0(1, 0, 0, 0, 0(0), 0)|0|6|True|False|623|504|1
926|1(0, 0, 0, 0, 0(0), 0)|1|6|False|False|623|503|1
927|0(0, 0, 0, 0(0), 1, 0)|0|6|True|False|620|509|1
928|0(0, 0, 1, 1, 1, 0)|0|6|True|False|196|963|1
929|0(0, 1, 0, 1, 1, 0)|0|6|True|False|196|953|1
930|0(1, 0, 0, 1, 1, 0)|0|6|True|False|196|938|1
931|1(0, 0, 0, 1, 1, 0)|1|6|False|False|196|917|1
932|0(0, 0, 0(0), 0, 1, 0)|0|6|True|False|611|509|1
933|0(0, 1, 1, 0, 1, 0)|0|6|True|False|196|950|1
934|0(1, 0, 1, 0, 1, 0)|0|6|True|False|196|935|1
935|1(0, 0, 1, 0, 1, 0)|1|6|False|False|196|914|1
936|0(0, 0(0), 0, 0, 1, 0)|0|6|True|False|583|509|1
937|0(1, 1, 0, 0, 1, 0)|0|6|True|False|196|931|1
938|1(0, 1, 0, 0, 1, 0)|1|6|False|False|196|910|1
939|0(0(0), 0, 0, 0, 1, 0)|0|6|True|False|493|509|1
940|1(1, 0, 0, 0, 1, 0)|1|6|False|False|196|905|1
941|2(0, 0, 0, 0, 1, 0)|2|6|False|False|196|899|2
942|0(0, 0, 0, 2, 0, 0)|0|6|False|False|196|497|2
943|0(0, 0, 1, 0(0), 0, 0)|0|6|True|False|620|506|1
944|0(0, 1, 0, 0(0), 0, 0)|0|6|True|False|620|505|1
945|0(1, 0, 0, 0(0), 0, 0)|0|6|True|False|620|504|1
946|1(0, 0, 0, 0(0), 0, 0)|1|6|False|False|620|503|1
947|0(0, 0, 0(0), 1, 0, 0)|0|6|True|False|611|508|1
948|0(0, 1, 1, 1, 0, 0)|0|6|True|False|196|949|1
949|0(1, 0, 1, 1, 0, 0)|0|6|True|False|196|934|1
950|1(0, 0, 1, 1, 0, 0)|1|6|False|False|196|913|1
951|0(0, 0(0), 0, 1, 0, 0)|0|6|True|False|583|508|1
952|0(1, 1, 0, 1, 0, 0)|0|6|True|False|196|930|1
953|1(0, 1, 0, 1, 0, 0)|1|6|False|False|196|909|1
954|0(0(0), 0, 0, 1, 0, 0)|0|6|True|False|493|508|1
955|1(1, 0, 0, 1, 0, 0)|1|6|False|False|196|904|1
956|2(0, 0, 0, 1, 0, 0)|2|6|False|False|196|898|2
957|0(0, 0, 2, 0, 0, 0)|0|6|False|False|196|493|2
958|0(0, 1, 0(0), 0, 0, 0)|0|6|True|False|611|505|1
959|0(1, 0, 0(0), 0, 0, 0)|0|6|True|False|611|504|1
960|1(0, 0, 0(0), 0, 0, 0)|1|6|False|False|611|503|1
961|0(0, 0(0), 1, 0, 0, 0)|0|6|True|False|583|507|1
962|0(1, 1, 1, 0, 0, 0)|0|6|True|False|196|929|1
963|1(0, 1, 1, 0, 0, 0)|1|6|False|False|196|908|1
964|0(0(0), 0, 1, 0, 0, 0)|0|6|True|False|493|507|1
965|1(1, 0, 1, 0, 0, 0)|1|6|False|False|196|903|1
966|2(0, 0, 1, 0, 0, 0)|2|6|False|False|196|897|2
967|0(0, 2, 0, 0, 0, 0)|0|6|False|False|196|488|2
968|0(1, 0(0), 0, 0, 0, 0)|0|6|True|False|583|504|1
969|1(0, 0(0), 0, 0, 0, 0)|1|6|False|False|583|503|1
970|0(0(0), 1, 0, 0, 0, 0)|0|6|True|False|493|506|1
971|1(1, 1, 0, 0, 0, 0)|1|6|False|False|196|902|1
972|2(0, 1, 0, 0, 0, 0)|2|6|False|False|196|896|2
973|0(2, 0, 0, 0, 0, 0)|0|6|False|False|196|482|2
974|1(0(0), 0, 0, 0, 0, 0)|1|6|False|False|493|503|1
975|2(1, 0, 0, 0, 0, 0)|2|6|False|False|196|895|2
976|3(0, 0, 0, 0, 0, 0)|3|6|False|False|196|894|3
977|0(0, 0, 0, 0, 0, 0, 0(0))|0|7|True|False|2054|511|0
978|0(0, 0, 0, 0, 0, 1, 1)|0|7|True|False|625|1012|1
979|0(0, 0, 0, 0, 1, 0, 1)|0|7|True|False|625|1010|1
980|0(0, 0, 0, 1, 0, 0, 1)|0|7|True|False|625|1007|1
981|0(0, 0, 1, 0, 0, 0, 1)|0|7|True|False|625|1003|1
982|0(0, 1, 0, 0, 0, 0, 1)|0|7|True|False|625|998|1
983|0(1, 0, 0, 0, 0, 0, 1)|0|7|True|False|625|992|1
984|1(0, 0, 0, 0, 0, 0, 1)|1|7|False|False|625|985|1
985|0(0, 0, 0, 0, 0, 0(0), 0)|0|7|True|False|2053|511|0
986|0(0, 0, 0, 0, 1, 1, 0)|0|7|True|False|625|1009|1
987|0(0, 0, 0, 1, 0, 1, 0)|0|7|True|False|625|1006|1
988|0(0, 0, 1, 0, 0, 1, 0)|0|7|True|False|625|1002|1
989|0(0, 1, 0, 0, 0, 1, 0)|0|7|True|False|625|997|1
990|0(1, 0, 0, 0, 0, 1, 0)|0|7|True|False|625|991|1
991|1(0, 0, 0, 0, 0, 1, 0)|1|7|False|False|625|984|1
992|0(0, 0, 0, 0, 0(0), 0, 0)|0|7|True|False|2050|511|0
993|0(0, 0, 0, 1, 1, 0, 0)|0|7|True|False|625|1005|1
994|0(0, 0, 1, 0, 1, 0, 0)|0|7|True|False|625|1001|1
995|0(0, 1, 0, 0, 1, 0, 0)|0|7|True|False|625|996|1
996|0(1, 0, 0, 0, 1, 0, 0)|0|7|True|False|625|990|1
997|1(0, 0, 0, 0, 1, 0, 0)|1|7|False|False|625|983|1
998|0(0, 0, 0, 0(0), 0, 0, 0)|0|7|True|False|2041|511|0
999|0(0, 0, 1, 1, 0, 0, 0)|0|7|True|False|625|1000|1
1000|0(0, 1, 0, 1, 0, 0, 0)|0|7|True|False|625|995|1
1001|0(1, 0, 0, 1, 0, 0, 0)|0|7|True|False|625|989|1
1002|1(0, 0, 0, 1, 0, 0, 0)|1|7|False|False|625|982|1
1003|0(0, 0, 0(0), 0, 0, 0, 0)|0|7|True|False|2013|511|0
1004|0(0, 1, 1, 0, 0, 0, 0)|0|7|True|False|625|994|1
1005|0(1, 0, 1, 0, 0, 0, 0)|0|7|True|False|625|988|1
1006|1(0, 0, 1, 0, 0, 0, 0)|1|7|False|False|625|981|1
1007|0(0, 0(0), 0, 0, 0, 0, 0)|0|7|True|False|1923|511|0
1008|0(1, 1, 0, 0, 0, 0, 0)|0|7|True|False|625|987|1
1009|1(0, 1, 0, 0, 0, 0, 0)|1|7|False|False|625|980|1
1010|0(0(0), 0, 0, 0, 0, 0, 0)|0|7|True|False|1626|511|0
1011|1(1, 0, 0, 0, 0, 0, 0)|1|7|False|False|625|979|1
1012|2(0, 0, 0, 0, 0, 0, 0)|2|7|False|False|625|978|2
1013|0(0, 0, 0, 0, 0, 0, 0, 1)|0|8|True|False|2055|1022|1
1014|0(0, 0, 0, 0, 0, 0, 1, 0)|0|8|True|False|2055|1021|1
1015|0(0, 0, 0, 0, 0, 1, 0, 0)|0|8|True|False|2055|1020|1
1016|0(0, 0, 0, 0, 1, 0, 0, 0)|0|8|True|False|2055|1019|1
1017|0(0, 0, 0, 1, 0, 0, 0, 0)|0|8|True|False|2055|1018|1
1018|0(0, 0, 1, 0, 0, 0, 0, 0)|0|8|True|False|2055|1017|1
1019|0(0, 1, 0, 0, 0, 0, 0, 0)|0|8|True|False|2055|1016|1
1020|0(1, 0, 0, 0, 0, 0, 0, 0)|0|8|True|False|2055|1015|1
1021|1(0, 0, 0, 0, 0, 0, 0, 0)|1|8|False|False|2055|1014|1
1022|0(0, 0, 0, 0, 0, 0, 0, 0, 0)|0|9|True|False|6917|1023|0
1023|10|10|0|False|True|0|1024|10
1024|0(1(1))|0|1|True|True|2|25|1
1025|1(0(0(0)))|1|1|False|True|4|27|1
1026|2(3)|2|1|False|True|1|68|3
1027|3(0(0, 0))|3|1|False|True|5|86|3
1028|4(1(0))|4|1|False|True|2|137|4
1029|5(0(1))|5|1|False|True|2|267|5
1030|6(2)|6|1|False|True|1|515|6
1031|7(0(0))|7|1|False|True|2|522|7
1032|8(1)|8|1|False|True|1|1026|8
1033|9(0)|9|1|False|True|1|1025|9
1034|0(0, 0(0(0)))|0|2|True|True|18|31|0
1035|0(1, 3)|0|2|False|True|3|84|3
1036|1(0, 3)|1|2|False|True|3|80|3
1037|0(0(0), 0(0, 0))|0|2|True|True|47|63|0
1038|1(1, 0(0, 0))|1|2|False|True|19|107|1
1039|2(0, 0(0, 0))|2|2|False|True|19|106|2
1040|0(2, 1(0))|0|2|False|True|7|97|2
1041|1(0(0), 1(0))|1|2|False|True|16|109|1
1042|2(1, 1(0))|2|2|False|True|7|162|2
1043|3(0, 1(0))|3|2|False|True|7|159|3
1044|0(0(1), 0(1))|0|2|True|False|16|117|1
1045|1(2, 0(1))|1|2|False|True|7|169|2
1046|2(0(0), 0(1))|2|2|False|True|16|196|2
1047|3(1, 0(1))|3|2|False|True|7|299|3
1048|4(0, 0(1))|4|2|False|True|7|296|4
1049|0(1(0), 2)|0|2|True|False|6|101|2
1050|1(0(1), 2)|1|2|False|False|6|175|2
1051|2(2, 2)|2|2|False|False|3|277|2
1052|3(0(0), 2)|3|2|False|True|6|302|3
1053|4(1, 2)|4|2|False|True|3|530|4
1054|5(0, 2)|5|2|False|True|3|527|5
1055|0(0(0, 0), 0(0))|0|2|True|False|44|63|0
1056|1(1(0), 0(0))|1|2|False|False|16|107|1
1057|2(0(1), 0(0))|2|2|False|False|16|194|2
1058|3(2, 0(0))|3|2|False|False|7|297|3
1059|4(0(0), 0(0))|4|2|False|False|16|349|4
1060|5(1, 0(0))|5|2|False|True|7|559|5
1061|6(0, 0(0))|6|2|False|True|7|558|6
1062|0(3, 1)|0|2|False|False|3|82|3
1063|1(0(0, 0), 1)|1|2|False|False|15|110|1
1064|2(1(0), 1)|2|2|False|False|6|163|2
1065|3(0(1), 1)|3|2|False|False|6|301|3
1066|4(2, 1)|4|2|False|False|3|529|4
1067|5(0(0), 1)|5|2|False|False|6|561|5
1068|6(1, 1)|6|2|False|False|3|1039|6
1069|7(0, 1)|7|2|False|True|3|1037|7
1070|0(0(0(0)), 0)|0|2|True|False|12|31|0
1071|1(3, 0)|1|2|False|False|3|77|3
1072|2(0(0, 0), 0)|2|2|False|False|15|106|2
1073|3(1(0), 0)|3|2|False|False|6|158|3
1074|4(0(1), 0)|4|2|False|False|6|295|4
1075|5(2, 0)|5|2|False|False|3|525|5
1076|6(0(0), 0)|6|2|False|False|6|558|6
1077|7(1, 0)|7|2|False|False|3|1036|7
1078|8(0, 0)|8|2|False|False|3|1035|8
1079|0(0, 0, 3)|0|3|False|False|8|105|3
1080|0(0, 1, 0(0, 0))|0|3|True|True|61|123|1
1081|0(1, 0, 0(0, 0))|0|3|True|False|61|122|1
1082|1(0, 0, 0(0, 0))|1|3|False|False|61|121|1
1083|0(0, 0(0), 1(0))|0|3|True|True|58|125|1
1084|0(1, 1, 1(0))|0|3|True|False|21|212|1
1085|1(0, 1, 1(0))|1|3|False|True|21|202|1
1086|0(0(0), 0, 1(0))|0|3|True|False|49|125|1
1087|1(1, 0, 1(0))|1|3|False|False|21|199|1
1088|2(0, 0, 1(0))|2|3|False|False|21|195|2
1089|0(0, 2, 0(1))|0|3|False|True|21|219|2
1090|0(1, 0(0), 0(1))|0|3|True|True|58|237|1
1091|1(0, 0(0), 0(1))|1|3|False|True|58|232|1
1092|0(0(0), 1, 0(1))|0|3|True|False|49|244|1
1093|1(1, 1, 0(1))|1|3|False|False|21|370|1
1094|2(0, 1, 0(1))|2|3|False|True|21|360|2
1095|0(2, 0, 0(1))|0|3|False|False|21|210|2
1096|1(0(0), 0, 0(1))|1|3|False|False|49|232|1
1097|2(1, 0, 0(1))|2|3|False|False|21|357|2
1098|3(0, 0, 0(1))|3|3|False|False|21|353|3
1099|0(0, 0(1), 2)|0|3|True|False|20|225|2
1100|0(1, 2, 2)|0|3|True|False|8|340|2
1101|1(0, 2, 2)|1|3|False|False|8|325|2
1102|0(0(0), 0(0), 2)|0|3|False|False|48|247|2
1103|1(1, 0(0), 2)|1|3|False|True|20|373|2
1104|2(0, 0(0), 2)|2|3|False|True|20|363|2
1105|0(2, 1, 2)|0|3|False|False|8|336|2
1106|1(0(0), 1, 2)|1|3|False|False|17|382|2
1107|2(1, 1, 2)|2|3|False|False|8|586|2
1108|3(0, 1, 2)|3|3|False|True|8|576|3
1109|0(0(1), 0, 2)|0|3|True|False|17|222|2
1110|1(2, 0, 2)|1|3|False|False|8|318|2
1111|2(0(0), 0, 2)|2|3|False|False|17|363|2
1112|3(1, 0, 2)|3|3|False|False|8|573|3
1113|4(0, 0, 2)|4|3|False|False|8|567|4
1114|0(0, 1(0), 0(0))|0|3|True|False|58|123|1
1115|0(1, 0(1), 0(0))|0|3|True|False|58|235|1
1116|1(0, 0(1), 0(0))|1|3|False|False|58|230|1
1117|0(0(0), 2, 0(0))|0|3|False|False|49|242|2
1118|1(1, 2, 0(0))|1|3|False|False|21|368|2
1119|2(0, 2, 0(0))|2|3|False|False|21|358|2
1120|0(2, 0(0), 0(0))|0|3|False|False|58|233|2
1121|1(0(0), 0(0), 0(0))|1|3|False|False|148|248|1
1122|2(1, 0(0), 0(0))|2|3|False|False|58|420|2
1123|3(0, 0(0), 0(0))|3|3|False|False|58|419|3
1124|0(0(1), 1, 0(0))|0|3|True|False|49|239|1
1125|1(2, 1, 0(0))|1|3|False|False|21|365|2
1126|2(0(0), 1, 0(0))|2|3|False|False|49|422|2
1127|3(1, 1, 0(0))|3|3|False|False|21|648|3
1128|4(0, 1, 0(0))|4|3|False|True|21|644|4
1129|0(1(0), 0, 0(0))|0|3|True|False|49|122|1
1130|1(0(1), 0, 0(0))|1|3|False|False|49|229|1
1131|2(2, 0, 0(0))|2|3|False|False|21|354|2
1132|3(0(0), 0, 0(0))|3|3|False|False|49|419|3
1133|4(1, 0, 0(0))|4|3|False|False|21|643|4
1134|5(0, 0, 0(0))|5|3|False|False|21|642|5
1135|0(0, 0(0, 0), 1)|0|3|True|False|57|126|1
1136|0(1, 1(0), 1)|0|3|True|False|20|213|1
1137|1(0, 1(0), 1)|1|3|False|False|20|203|1
1138|0(0(0), 0(1), 1)|0|3|True|False|48|246|1
1139|1(1, 0(1), 1)|1|3|False|False|20|372|1
1140|2(0, 0(1), 1)|2|3|False|False|20|362|2
1141|0(2, 2, 1)|0|3|False|False|8|335|2
1142|1(0(0), 2, 1)|1|3|False|False|17|381|2
1143|2(1, 2, 1)|2|3|False|False|8|585|2
1144|3(0, 2, 1)|3|3|False|False|8|575|3
1145|0(0(1), 0(0), 1)|0|3|True|False|48|241|1
1146|1(2, 0(0), 1)|1|3|False|False|20|367|2
1147|2(0(0), 0(0), 1)|2|3|False|False|48|424|2
1148|3(1, 0(0), 1)|3|3|False|False|20|650|3
1149|4(0, 0(0), 1)|4|3|False|False|20|646|4
1150|0(1(0), 1, 1)|0|3|True|False|17|215|1
1151|1(0(1), 1, 1)|1|3|False|False|17|378|1
1152|2(2, 1, 1)|2|3|False|False|8|582|2
1153|3(0(0), 1, 1)|3|3|False|False|17|655|3
1154|4(1, 1, 1)|4|3|False|False|8|1094|4
1155|5(0, 1, 1)|5|3|False|False|8|1088|5
1156|0(0(0, 0), 0, 1)|0|3|True|False|45|126|1
1157|1(1(0), 0, 1)|1|3|False|False|17|200|1
1158|2(0(1), 0, 1)|2|3|False|False|17|360|2
1159|3(2, 0, 1)|3|3|False|False|8|570|3
1160|4(0(0), 0, 1)|4|3|False|False|17|646|4
1161|5(1, 0, 1)|5|3|False|False|8|1086|5
1162|6(0, 0, 1)|6|3|False|False|8|1083|6
1163|0(0, 3, 0)|0|3|False|False|8|102|3
1164|0(1, 0(0, 0), 0)|0|3|True|False|57|122|1
1165|1(0, 0(0, 0), 0)|1|3|False|False|57|121|1
1166|0(0(0), 1(0), 0)|0|3|True|False|48|124|1
1167|1(1, 1(0), 0)|1|3|False|False|20|198|1
1168|2(0, 1(0), 0)|2|3|False|False|20|194|2
1169|0(2, 0(1), 0)|0|3|False|False|20|209|2
1170|1(0(0), 0(1), 0)|1|3|False|False|48|231|1
1171|2(1, 0(1), 0)|2|3|False|False|20|356|2
1172|3(0, 0(1), 0)|3|3|False|False|20|352|3
1173|0(0(1), 2, 0)|0|3|True|False|17|220|2
1174|1(2, 2, 0)|1|3|False|False|8|316|2
1175|2(0(0), 2, 0)|2|3|False|False|17|361|2
1176|3(1, 2, 0)|3|3|False|False|8|571|3
1177|4(0, 2, 0)|4|3|False|False|8|565|4
1178|0(1(0), 0(0), 0)|0|3|True|False|48|122|1
1179|1(0(1), 0(0), 0)|1|3|False|False|48|229|1
1180|2(2, 0(0), 0)|2|3|False|False|20|354|2
1181|3(0(0), 0(0), 0)|3|3|False|False|48|419|3
1182|4(1, 0(0), 0)|4|3|False|False|20|643|4
1183|5(0, 0(0), 0)|5|3|False|False|20|642|5
1184|0(0(0, 0), 1, 0)|0|3|True|False|45|125|1
1185|1(1(0), 1, 0)|1|3|False|False|17|199|1
1186|2(0(1), 1, 0)|2|3|False|False|17|359|2
1187|3(2, 1, 0)|3|3|False|False|8|569|3
1188|4(0(0), 1, 0)|4|3|False|False|17|645|4
1189|5(1, 1, 0)|5|3|False|False|8|1085|5
1190|6(0, 1, 0)|6|3|False|False|8|1082|6
1191|0(3, 0, 0)|0|3|False|False|8|96|3
1192|1(0(0, 0), 0, 0)|1|3|False|False|45|121|1
1193|2(1(0), 0, 0)|2|3|False|False|17|193|2
1194|3(0(1), 0, 0)|3|3|False|False|17|351|3
1195|4(2, 0, 0)|4|3|False|False|8|562|4
1196|5(0(0), 0, 0)|5|3|False|False|17|642|5
1197|6(1, 0, 0)|6|3|False|False|8|1081|6
1198|7(0, 0, 0)|7|3|False|False|8|1080|7
1199|0(0, 0, 0, 0(0, 0))|0|4|True|False|193|127|0
1200|0(0, 0, 1, 1(0))|0|4|True|False|63|243|1
1201|0(0, 1, 0, 1(0))|0|4|True|False|63|240|1
1202|0(1, 0, 0, 1(0))|0|4|True|False|63|236|1
1203|1(0, 0, 0, 1(0))|1|4|False|False|63|231|1
1204|0(0, 0, 0(0), 0(1))|0|4|True|False|190|254|1
1205|0(0, 1, 1, 0(1))|0|4|True|False|63|461|1
1206|0(1, 0, 1, 0(1))|0|4|True|False|63|451|1
1207|1(0, 0, 1, 0(1))|1|4|False|False|63|436|1
1208|0(0, 0(0), 0, 0(1))|0|4|True|False|181|254|1
1209|0(1, 1, 0, 0(1))|0|4|True|False|63|448|1
1210|1(0, 1, 0, 0(1))|1|4|False|False|63|433|1
1211|0(0(0), 0, 0, 0(1))|0|4|True|False|153|254|1
1212|1(1, 0, 0, 0(1))|1|4|False|False|63|429|1
1213|2(0, 0, 0, 0(1))|2|4|False|False|63|424|2
1214|0(0, 0, 2, 2)|0|4|False|False|22|416|2
1215|0(0, 1, 0(0), 2)|0|4|True|True|62|464|2
1216|0(1, 0, 0(0), 2)|0|4|True|False|62|454|2
1217|1(0, 0, 0(0), 2)|1|4|False|False|62|439|2
1218|0(0, 0(0), 1, 2)|0|4|True|False|59|473|2
1219|0(1, 1, 1, 2)|0|4|True|False|22|740|2
1220|1(0, 1, 1, 2)|1|4|False|False|22|705|2
1221|0(0(0), 0, 1, 2)|0|4|True|False|50|473|2
1222|1(1, 0, 1, 2)|1|4|False|False|22|695|2
1223|2(0, 0, 1, 2)|2|4|False|False|22|675|2
1224|0(0, 2, 0, 2)|0|4|False|False|22|409|2
1225|0(1, 0(0), 0, 2)|0|4|True|False|59|454|2
1226|1(0, 0(0), 0, 2)|1|4|False|False|59|439|2
1227|0(0(0), 1, 0, 2)|0|4|True|False|50|470|2
1228|1(1, 1, 0, 2)|1|4|False|False|22|692|2
1229|2(0, 1, 0, 2)|2|4|False|False|22|672|2
1230|0(2, 0, 0, 2)|0|4|False|False|22|393|2
1231|1(0(0), 0, 0, 2)|1|4|False|False|50|439|2
1232|2(1, 0, 0, 2)|2|4|False|False|22|666|2
1233|3(0, 0, 0, 2)|3|4|False|False|22|656|3
1234|0(0, 0, 0(1), 0(0))|0|4|True|False|190|252|1
1235|0(0, 1, 2, 0(0))|0|4|True|False|63|459|2
1236|0(1, 0, 2, 0(0))|0|4|True|False|63|449|2
1237|1(0, 0, 2, 0(0))|1|4|False|False|63|434|2
1238|0(0, 0(0), 0(0), 0(0))|0|4|True|False|577|255|0
1239|0(1, 1, 0(0), 0(0))|0|4|True|False|190|483|1
1240|1(0, 1, 0(0), 0(0))|1|4|False|False|190|477|1
1241|0(0(0), 0, 0(0), 0(0))|0|4|True|False|487|255|0
1242|1(1, 0, 0(0), 0(0))|1|4|False|False|190|476|1
1243|2(0, 0, 0(0), 0(0))|2|4|False|False|190|475|2
1244|0(0, 2, 1, 0(0))|0|4|False|False|63|456|2
1245|0(1, 0(0), 1, 0(0))|0|4|True|False|181|485|1
1246|1(0, 0(0), 1, 0(0))|1|4|False|False|181|479|1
1247|0(0(0), 1, 1, 0(0))|0|4|True|False|153|494|1
1248|1(1, 1, 1, 0(0))|1|4|False|False|63|795|1
1249|2(0, 1, 1, 0(0))|2|4|False|False|63|780|2
1250|0(2, 0, 1, 0(0))|0|4|False|False|63|442|2
1251|1(0(0), 0, 1, 0(0))|1|4|False|False|153|479|1
1252|2(1, 0, 1, 0(0))|2|4|False|False|63|776|2
1253|3(0, 0, 1, 0(0))|3|4|False|False|63|771|3
1254|0(0, 0(1), 0, 0(0))|0|4|True|False|181|251|1
1255|0(1, 2, 0, 0(0))|0|4|True|False|63|445|2
1256|1(0, 2, 0, 0(0))|1|4|False|False|63|430|2
1257|0(0(0), 0(0), 0, 0(0))|0|4|True|False|478|255|0
1258|1(1, 0(0), 0, 0(0))|1|4|False|False|181|476|1
1259|2(0, 0(0), 0, 0(0))|2|4|False|False|181|475|2
1260|0(2, 1, 0, 0(0))|0|4|False|False|63|441|2
1261|1(0(0), 1, 0, 0(0))|1|4|False|False|153|478|1
1262|2(1, 1, 0, 0(0))|2|4|False|False|63|775|2
1263|3(0, 1, 0, 0(0))|3|4|False|False|63|770|3
1264|0(0(1), 0, 0, 0(0))|0|4|True|False|153|250|1
1265|1(2, 0, 0, 0(0))|1|4|False|False|63|425|2
1266|2(0(0), 0, 0, 0(0))|2|4|False|False|153|475|2
1267|3(1, 0, 0, 0(0))|3|4|False|False|63|769|3
1268|4(0, 0, 0, 0(0))|4|4|False|False|63|768|4
1269|0(0, 0, 1(0), 1)|0|4|True|False|62|244|1
1270|0(0, 1, 0(1), 1)|0|4|True|False|62|463|1
1271|0(1, 0, 0(1), 1)|0|4|True|False|62|453|1
1272|1(0, 0, 0(1), 1)|1|4|False|False|62|438|1
1273|0(0, 0(0), 2, 1)|0|4|False|False|59|472|2
1274|0(1, 1, 2, 1)|0|4|True|False|22|739|2
1275|1(0, 1, 2, 1)|1|4|False|False|22|704|2
1276|0(0(0), 0, 2, 1)|0|4|False|False|50|472|2
1277|1(1, 0, 2, 1)|1|4|False|False|22|694|2
1278|2(0, 0, 2, 1)|2|4|False|False|22|674|2
1279|0(0, 2, 0(0), 1)|0|4|False|False|62|458|2
1280|0(1, 0(0), 0(0), 1)|0|4|True|False|180|487|1
1281|1(0, 0(0), 0(0), 1)|1|4|False|False|180|481|1
1282|0(0(0), 1, 0(0), 1)|0|4|True|False|152|496|1
1283|1(1, 1, 0(0), 1)|1|4|False|False|62|797|1
1284|2(0, 1, 0(0), 1)|2|4|False|False|62|782|2
1285|0(2, 0, 0(0), 1)|0|4|False|False|62|444|2
1286|1(0(0), 0, 0(0), 1)|1|4|False|False|152|481|1
1287|2(1, 0, 0(0), 1)|2|4|False|False|62|778|2
1288|3(0, 0, 0(0), 1)|3|4|False|False|62|773|3
1289|0(0, 0(1), 1, 1)|0|4|True|False|59|469|1
1290|0(1, 2, 1, 1)|0|4|True|False|22|736|2
1291|1(0, 2, 1, 1)|1|4|False|False|22|701|2
1292|0(0(0), 0(0), 1, 1)|0|4|True|False|149|501|1
1293|1(1, 0(0), 1, 1)|1|4|False|False|59|802|1
1294|2(0, 0(0), 1, 1)|2|4|False|False|59|787|2
1295|0(2, 1, 1, 1)|0|4|False|False|22|726|2
1296|1(0(0), 1, 1, 1)|1|4|False|False|50|818|1
1297|2(1, 1, 1, 1)|2|4|False|False|22|1249|2
1298|3(0, 1, 1, 1)|3|4|False|False|22|1229|3
1299|0(0(1), 0, 1, 1)|0|4|True|False|50|463|1
1300|1(2, 0, 1, 1)|1|4|False|False|22|685|2
1301|2(0(0), 0, 1, 1)|2|4|False|False|50|787|2
1302|3(1, 0, 1, 1)|3|4|False|False|22|1223|3
1303|4(0, 0, 1, 1)|4|4|False|False|22|1213|4
1304|0(0, 1(0), 0, 1)|0|4|True|False|59|241|1
1305|0(1, 0(1), 0, 1)|0|4|True|False|59|451|1
1306|1(0, 0(1), 0, 1)|1|4|False|False|59|436|1
1307|0(0(0), 2, 0, 1)|0|4|False|False|50|467|2
1308|1(1, 2, 0, 1)|1|4|False|False|22|689|2
1309|2(0, 2, 0, 1)|2|4|False|False|22|669|2
1310|0(2, 0(0), 0, 1)|0|4|False|False|59|444|2
1311|1(0(0), 0(0), 0, 1)|1|4|False|False|149|481|1
1312|2(1, 0(0), 0, 1)|2|4|False|False|59|778|2
1313|3(0, 0(0), 0, 1)|3|4|False|False|59|773|3
1314|0(0(1), 1, 0, 1)|0|4|True|False|50|461|1
1315|1(2, 1, 0, 1)|1|4|False|False|22|683|2
1316|2(0(0), 1, 0, 1)|2|4|False|False|50|785|2
1317|3(1, 1, 0, 1)|3|4|False|False|22|1221|3
1318|4(0, 1, 0, 1)|4|4|False|False|22|1211|4
1319|0(1(0), 0, 0, 1)|0|4|True|False|50|237|1
1320|1(0(1), 0, 0, 1)|1|4|False|False|50|433|1
1321|2(2, 0, 0, 1)|2|4|False|False|22|660|2
1322|3(0(0), 0, 0, 1)|3|4|False|False|50|773|3
1323|4(1, 0, 0, 1)|4|4|False|False|22|1208|4
1324|5(0, 0, 0, 1)|5|4|False|False|22|1204|5
1325|0(0, 0, 0(0, 0), 0)|0|4|True|False|189|127|0
1326|0(0, 1, 1(0), 0)|0|4|True|False|62|239|1
1327|0(1, 0, 1(0), 0)|0|4|True|False|62|235|1
1328|1(0, 0, 1(0), 0)|1|4|False|False|62|230|1
1329|0(0, 0(0), 0(1), 0)|0|4|True|False|180|253|1
1330|0(1, 1, 0(1), 0)|0|4|True|False|62|447|1
1331|1(0, 1, 0(1), 0)|1|4|False|False|62|432|1
1332|0(0(0), 0, 0(1), 0)|0|4|True|False|152|253|1
1333|1(1, 0, 0(1), 0)|1|4|False|False|62|428|1
1334|2(0, 0, 0(1), 0)|2|4|False|False|62|423|2
1335|0(0, 2, 2, 0)|0|4|False|False|22|407|2
1336|0(1, 0(0), 2, 0)|0|4|True|False|59|452|2
1337|1(0, 0(0), 2, 0)|1|4|False|False|59|437|2
1338|0(0(0), 1, 2, 0)|0|4|True|False|50|468|2
1339|1(1, 1, 2, 0)|1|4|False|False|22|690|2
1340|2(0, 1, 2, 0)|2|4|False|False|22|670|2
1341|0(2, 0, 2, 0)|0|4|False|False|22|391|2
1342|1(0(0), 0, 2, 0)|1|4|False|False|50|437|2
1343|2(1, 0, 2, 0)|2|4|False|False|22|664|2
1344|3(0, 0, 2, 0)|3|4|False|False|22|654|3
1345|0(0, 0(1), 0(0), 0)|0|4|True|False|180|251|1
1346|0(1, 2, 0(0), 0)|0|4|True|False|62|445|2
1347|1(0, 2, 0(0), 0)|1|4|False|False|62|430|2
1348|0(0(0), 0(0), 0(0), 0)|0|4|True|False|477|255|0
1349|1(1, 0(0), 0(0), 0)|1|4|False|False|180|476|1
1350|2(0, 0(0), 0(0), 0)|2|4|False|False|180|475|2
1351|0(2, 1, 0(0), 0)|0|4|False|False|62|441|2
1352|1(0(0), 1, 0(0), 0)|1|4|False|False|152|478|1
1353|2(1, 1, 0(0), 0)|2|4|False|False|62|775|2
1354|3(0, 1, 0(0), 0)|3|4|False|False|62|770|3
1355|0(0(1), 0, 0(0), 0)|0|4|True|False|152|250|1
1356|1(2, 0, 0(0), 0)|1|4|False|False|62|425|2
1357|2(0(0), 0, 0(0), 0)|2|4|False|False|152|475|2
1358|3(1, 0, 0(0), 0)|3|4|False|False|62|769|3
1359|4(0, 0, 0(0), 0)|4|4|False|False|62|768|4
1360|0(0, 1(0), 1, 0)|0|4|True|False|59|240|1
1361|0(1, 0(1), 1, 0)|0|4|True|False|59|450|1
1362|1(0, 0(1), 1, 0)|1|4|False|False|59|435|1
1363|0(0(0), 2, 1, 0)|0|4|False|False|50|466|2
1364|1(1, 2, 1, 0)|1|4|False|False|22|688|2
1365|2(0, 2, 1, 0)|2|4|False|False|22|668|2
1366|0(2, 0(0), 1, 0)|0|4|False|False|59|443|2
1367|1(0(0), 0(0), 1, 0)|1|4|False|False|149|480|1
1368|2(1, 0(0), 1, 0)|2|4|False|False|59|777|2
1369|3(0, 0(0), 1, 0)|3|4|False|False|59|772|3
1370|0(0(1), 1, 1, 0)|0|4|True|False|50|460|1
1371|1(2, 1, 1, 0)|1|4|False|False|22|682|2
1372|2(0(0), 1, 1, 0)|2|4|False|False|50|784|2
1373|3(1, 1, 1, 0)|3|4|False|False|22|1220|3
1374|4(0, 1, 1, 0)|4|4|False|False|22|1210|4
1375|0(1(0), 0, 1, 0)|0|4|True|False|50|236|1
1376|1(0(1), 0, 1, 0)|1|4|False|False|50|432|1
1377|2(2, 0, 1, 0)|2|4|False|False|22|659|2
1378|3(0(0), 0, 1, 0)|3|4|False|False|50|772|3
1379|4(1, 0, 1, 0)|4|4|False|False|22|1207|4
1380|5(0, 0, 1, 0)|5|4|False|False|22|1203|5
1381|0(0, 0(0, 0), 0, 0)|0|4|True|False|177|127|0
1382|0(1, 1(0), 0, 0)|0|4|True|False|59|234|1
1383|1(0, 1(0), 0, 0)|1|4|False|False|59|229|1
1384|0(0(0), 0(1), 0, 0)|0|4|True|False|149|252|1
1385|1(1, 0(1), 0, 0)|1|4|False|False|59|427|1
1386|2(0, 0(1), 0, 0)|2|4|False|False|59|422|2
1387|0(2, 2, 0, 0)|0|4|False|False|22|388|2
1388|1(0(0), 2, 0, 0)|1|4|False|False|50|434|2
1389|2(1, 2, 0, 0)|2|4|False|False|22|661|2
1390|3(0, 2, 0, 0)|3|4|False|False|22|651|3
1391|0(0(1), 0(0), 0, 0)|0|4|True|False|149|250|1
1392|1(2, 0(0), 0, 0)|1|4|False|False|59|425|2
1393|2(0(0), 0(0), 0, 0)|2|4|False|False|149|475|2
1394|3(1, 0(0), 0, 0)|3|4|False|False|59|769|3
1395|4(0, 0(0), 0, 0)|4|4|False|False|59|768|4
1396|0(1(0), 1, 0, 0)|0|4|True|False|50|235|1
1397|1(0(1), 1, 0, 0)|1|4|False|False|50|431|1
1398|2(2, 1, 0, 0)|2|4|False|False|22|658|2
1399|3(0(0), 1, 0, 0)|3|4|False|False|50|771|3
1400|4(1, 1, 0, 0)|4|4|False|False|22|1206|4
1401|5(0, 1, 0, 0)|5|4|False|False|22|1202|5
1402|0(0(0, 0), 0, 0, 0)|0|4|True|False|140|127|0
1403|1(1(0), 0, 0, 0)|1|4|False|False|50|228|1
1404|2(0(1), 0, 0, 0)|2|4|False|False|50|421|2
1405|3(2, 0, 0, 0)|3|4|False|False|22|647|3
1406|4(0(0), 0, 0, 0)|4|4|False|False|50|768|4
1407|5(1, 0, 0, 0)|5|4|False|False|22|1201|5
1408|6(0, 0, 0, 0)|6|4|False|False|22|1200|6
1409|0(0, 0, 0, 0, 1(0))|0|5|True|False|195|253|1
1410|0(0, 0, 0, 1, 0(1))|0|5|True|False|195|499|1
1411|0(0, 0, 1, 0, 0(1))|0|5|True|False|195|496|1
1412|0(0, 1, 0, 0, 0(1))|0|5|True|False|195|492|1
1413|0(1, 0, 0, 0, 0(1))|0|5|True|False|195|487|1
1414|1(0, 0, 0, 0, 0(1))|1|5|False|False|195|481|1
1415|0(0, 0, 0, 0(0), 2)|0|5|False|False|194|502|2
1416|0(0, 0, 1, 1, 2)|0|5|True|False|64|887|2
1417|0(0, 1, 0, 1, 2)|0|5|True|False|64|877|2
1418|0(1, 0, 0, 1, 2)|0|5|True|False|64|857|2
1419|1(0, 0, 0, 1, 2)|1|5|False|False|64|822|2
1420|0(0, 0, 0(0), 0, 2)|0|5|False|False|191|502|2
1421|0(0, 1, 1, 0, 2)|0|5|True|False|64|874|2
1422|0(1, 0, 1, 0, 2)|0|5|True|False|64|854|2
1423|1(0, 0, 1, 0, 2)|1|5|False|False|64|819|2
1424|0(0, 0(0), 0, 0, 2)|0|5|False|False|182|502|2
1425|0(1, 1, 0, 0, 2)|0|5|True|False|64|848|2
1426|1(0, 1, 0, 0, 2)|1|5|False|False|64|813|2
1427|0(0(0), 0, 0, 0, 2)|0|5|False|False|154|502|2
1428|1(1, 0, 0, 0, 2)|1|5|False|False|64|803|2
1429|2(0, 0, 0, 0, 2)|2|5|False|False|64|788|2
1430|0(0, 0, 0, 2, 0(0))|0|5|False|False|195|497|2
1431|0(0, 0, 1, 0(0), 0(0))|0|5|True|False|619|506|1
1432|0(0, 1, 0, 0(0), 0(0))|0|5|True|False|619|505|1
1433|0(1, 0, 0, 0(0), 0(0))|0|5|True|False|619|504|1
1434|1(0, 0, 0, 0(0), 0(0))|1|5|False|False|619|503|1
1435|0(0, 0, 0(0), 1, 0(0))|0|5|True|False|610|508|1
1436|0(0, 1, 1, 1, 0(0))|0|5|True|False|195|949|1
1437|0(1, 0, 1, 1, 0(0))|0|5|True|False|195|934|1
1438|1(0, 0, 1, 1, 0(0))|1|5|False|False|195|913|1
1439|0(0, 0(0), 0, 1, 0(0))|0|5|True|False|582|508|1
1440|0(1, 1, 0, 1, 0(0))|0|5|True|False|195|930|1
1441|1(0, 1, 0, 1, 0(0))|1|5|False|False|195|909|1
1442|0(0(0), 0, 0, 1, 0(0))|0|5|True|False|492|508|1
1443|1(1, 0, 0, 1, 0(0))|1|5|False|False|195|904|1
1444|2(0, 0, 0, 1, 0(0))|2|5|False|False|195|898|2
1445|0(0, 0, 2, 0, 0(0))|0|5|False|False|195|493|2
1446|0(0, 1, 0(0), 0, 0(0))|0|5|True|False|610|505|1
1447|0(1, 0, 0(0), 0, 0(0))|0|5|True|False|610|504|1
1448|1(0, 0, 0(0), 0, 0(0))|1|5|False|False|610|503|1
1449|0(0, 0(0), 1, 0, 0(0))|0|5|True|False|582|507|1
1450|0(1, 1, 1, 0, 0(0))|0|5|True|False|195|929|1
1451|1(0, 1, 1, 0, 0(0))|1|5|False|False|195|908|1
1452|0(0(0), 0, 1, 0, 0(0))|0|5|True|False|492|507|1
1453|1(1, 0, 1, 0, 0(0))|1|5|False|False|195|903|1
1454|2(0, 0, 1, 0, 0(0))|2|5|False|False|195|897|2
1455|0(0, 2, 0, 0, 0(0))|0|5|False|False|195|488|2
1456|0(1, 0(0), 0, 0, 0(0))|0|5|True|False|582|504|1
1457|1(0, 0(0), 0, 0, 0(0))|1|5|False|False|582|503|1
1458|0(0(0), 1, 0, 0, 0(0))|0|5|True|False|492|506|1
1459|1(1, 1, 0, 0, 0(0))|1|5|False|False|195|902|1
1460|2(0, 1, 0, 0, 0(0))|2|5|False|False|195|896|2
1461|0(2, 0, 0, 0, 0(0))|0|5|False|False|195|482|2
1462|1(0(0), 0, 0, 0, 0(0))|1|5|False|False|492|503|1
1463|2(1, 0, 0, 0, 0(0))|2|5|False|False|195|895|2
1464|3(0, 0, 0, 0, 0(0))|3|5|False|False|195|894|3
1465|0(0, 0, 0, 0(1), 1)|0|5|True|False|194|501|1
1466|0(0, 0, 1, 2, 1)|0|5|True|False|64|886|2
1467|0(0, 1, 0, 2, 1)|0|5|True|False|64|876|2
1468|0(1, 0, 0, 2, 1)|0|5|True|False|64|856|2
1469|1(0, 0, 0, 2, 1)|1|5|False|False|64|821|2
1470|0(0, 0, 0(0), 0(0), 1)|0|5|True|False|609|510|1
1471|0(0, 1, 1, 0(0), 1)|0|5|True|False|194|951|1
1472|0(1, 0, 1, 0(0), 1)|0|5|True|False|194|936|1
1473|1(0, 0, 1, 0(0), 1)|1|5|False|False|194|915|1
1474|0(0, 0(0), 0, 0(0), 1)|0|5|True|False|581|510|1
1475|0(1, 1, 0, 0(0), 1)|0|5|True|False|194|932|1
1476|1(0, 1, 0, 0(0), 1)|1|5|False|False|194|911|1
1477|0(0(0), 0, 0, 0(0), 1)|0|5|True|False|491|510|1
1478|1(1, 0, 0, 0(0), 1)|1|5|False|False|194|906|1
1479|2(0, 0, 0, 0(0), 1)|2|5|False|False|194|900|2
1480|0(0, 0, 2, 1, 1)|0|5|False|False|64|883|2
1481|0(0, 1, 0(0), 1, 1)|0|5|True|False|191|956|1
1482|0(1, 0, 0(0), 1, 1)|0|5|True|False|191|941|1
1483|1(0, 0, 0(0), 1, 1)|1|5|False|False|191|920|1
1484|0(0, 0(0), 1, 1, 1)|0|5|True|False|182|972|1
1485|0(1, 1, 1, 1, 1)|0|5|True|False|64|1585|1
1486|1(0, 1, 1, 1, 1)|1|5|False|False|64|1515|1
1487|0(0(0), 0, 1, 1, 1)|0|5|True|False|154|972|1
1488|1(1, 0, 1, 1, 1)|1|5|False|False|64|1495|1
1489|2(0, 0, 1, 1, 1)|2|5|False|False|64|1460|2
1490|0(0, 2, 0, 1, 1)|0|5|False|False|64|867|2
1491|0(1, 0(0), 0, 1, 1)|0|5|True|False|182|941|1
1492|1(0, 0(0), 0, 1, 1)|1|5|False|False|182|920|1
1493|0(0(0), 1, 0, 1, 1)|0|5|True|False|154|966|1
1494|1(1, 1, 0, 1, 1)|1|5|False|False|64|1489|1
1495|2(0, 1, 0, 1, 1)|2|5|False|False|64|1454|2
1496|0(2, 0, 0, 1, 1)|0|5|False|False|64|837|2
1497|1(0(0), 0, 0, 1, 1)|1|5|False|False|154|920|1
1498|2(1, 0, 0, 1, 1)|2|5|False|False|64|1444|2
1499|3(0, 0, 0, 1, 1)|3|5|False|False|64|1429|3
1500|0(0, 0, 0(1), 0, 1)|0|5|True|False|191|499|1
1501|0(0, 1, 2, 0, 1)|0|5|True|False|64|871|2
1502|0(1, 0, 2, 0, 1)|0|5|True|False|64|851|2
1503|1(0, 0, 2, 0, 1)|1|5|False|False|64|816|2
1504|0(0, 0(0), 0(0), 0, 1)|0|5|True|False|578|510|1
1505|0(1, 1, 0(0), 0, 1)|0|5|True|False|191|932|1
1506|1(0, 1, 0(0), 0, 1)|1|5|False|False|191|911|1
1507|0(0(0), 0, 0(0), 0, 1)|0|5|True|False|488|510|1
1508|1(1, 0, 0(0), 0, 1)|1|5|False|False|191|906|1
1509|2(0, 0, 0(0), 0, 1)|2|5|False|False|191|900|2
1510|0(0, 2, 1, 0, 1)|0|5|False|False|64|865|2
1511|0(1, 0(0), 1, 0, 1)|0|5|True|False|182|939|1
1512|1(0, 0(0), 1, 0, 1)|1|5|False|False|182|918|1
1513|0(0(0), 1, 1, 0, 1)|0|5|True|False|154|964|1
1514|1(1, 1, 1, 0, 1)|1|5|False|False|64|1487|1
1515|2(0, 1, 1, 0, 1)|2|5|False|False|64|1452|2
1516|0(2, 0, 1, 0, 1)|0|5|False|False|64|835|2
1517|1(0(0), 0, 1, 0, 1)|1|5|False|False|154|918|1
1518|2(1, 0, 1, 0, 1)|2|5|False|False|64|1442|2
1519|3(0, 0, 1, 0, 1)|3|5|False|False|64|1427|3
1520|0(0, 0(1), 0, 0, 1)|0|5|True|False|182|496|1
1521|0(1, 2, 0, 0, 1)|0|5|True|False|64|842|2
1522|1(0, 2, 0, 0, 1)|1|5|False|False|64|807|2
1523|0(0(0), 0(0), 0, 0, 1)|0|5|True|False|479|510|1
1524|1(1, 0(0), 0, 0, 1)|1|5|False|False|182|906|1
1525|2(0, 0(0), 0, 0, 1)|2|5|False|False|182|900|2
1526|0(2, 1, 0, 0, 1)|0|5|False|False|64|832|2
1527|1(0(0), 1, 0, 0, 1)|1|5|False|False|154|915|1
1528|2(1, 1, 0, 0, 1)|2|5|False|False|64|1439|2
1529|3(0, 1, 0, 0, 1)|3|5|False|False|64|1424|3
1530|0(0(1), 0, 0, 0, 1)|0|5|True|False|154|492|1
1531|1(2, 0, 0, 0, 1)|1|5|False|False|64|793|2
1532|2(0(0), 0, 0, 0, 1)|2|5|False|False|154|900|2
1533|3(1, 0, 0, 0, 1)|3|5|False|False|64|1420|3
1534|4(0, 0, 0, 0, 1)|4|5|False|False|64|1415|4
1535|0(0, 0, 0, 1(0), 0)|0|5|True|False|194|252|1
1536|0(0, 0, 1, 0(1), 0)|0|5|True|False|194|495|1
1537|0(0, 1, 0, 0(1), 0)|0|5|True|False|194|491|1
1538|0(1, 0, 0, 0(1), 0)|0|5|True|False|194|486|1
1539|1(0, 0, 0, 0(1), 0)|1|5|False|False|194|480|1
1540|0(0, 0, 0(0), 2, 0)|0|5|False|False|191|500|2
1541|0(0, 1, 1, 2, 0)|0|5|True|False|64|872|2
1542|0(1, 0, 1, 2, 0)|0|5|True|False|64|852|2
1543|1(0, 0, 1, 2, 0)|1|5|False|False|64|817|2
1544|0(0, 0(0), 0, 2, 0)|0|5|False|False|182|500|2
1545|0(1, 1, 0, 2, 0)|0|5|True|False|64|846|2
1546|1(0, 1, 0, 2, 0)|1|5|False|False|64|811|2
1547|0(0(0), 0, 0, 2, 0)|0|5|False|False|154|500|2
1548|1(1, 0, 0, 2, 0)|1|5|False|False|64|801|2
1549|2(0, 0, 0, 2, 0)|2|5|False|False|64|786|2
1550|0(0, 0, 2, 0(0), 0)|0|5|False|False|194|493|2
1551|0(0, 1, 0(0), 0(0), 0)|0|5|True|False|609|505|1
1552|0(1, 0, 0(0), 0(0), 0)|0|5|True|False|609|504|1
1553|1(0, 0, 0(0), 0(0), 0)|1|5|False|False|609|503|1
1554|0(0, 0(0), 1, 0(0), 0)|0|5|True|False|581|507|1
1555|0(1, 1, 1, 0(0), 0)|0|5|True|False|194|929|1
1556|1(0, 1, 1, 0(0), 0)|1|5|False|False|194|908|1
1557|0(0(0), 0, 1, 0(0), 0)|0|5|True|False|491|507|1
1558|1(1, 0, 1, 0(0), 0)|1|5|False|False|194|903|1
1559|2(0, 0, 1, 0(0), 0)|2|5|False|False|194|897|2
1560|0(0, 2, 0, 0(0), 0)|0|5|False|False|194|488|2
1561|0(1, 0(0), 0, 0(0), 0)|0|5|True|False|581|504|1
1562|1(0, 0(0), 0, 0(0), 0)|1|5|False|False|581|503|1
1563|0(0(0), 1, 0, 0(0), 0)|0|5|True|False|491|506|1
1564|1(1, 1, 0, 0(0), 0)|1|5|False|False|194|902|1
1565|2(0, 1, 0, 0(0), 0)|2|5|False|False|194|896|2
1566|0(2, 0, 0, 0(0), 0)|0|5|False|False|194|482|2
1567|1(0(0), 0, 0, 0(0), 0)|1|5|False|False|491|503|1
1568|2(1, 0, 0, 0(0), 0)|2|5|False|False|194|895|2
1569|3(0, 0, 0, 0(0), 0)|3|5|False|False|194|894|3
1570|0(0, 0, 0(1), 1, 0)|0|5|True|False|191|498|1
1571|0(0, 1, 2, 1, 0)|0|5|True|False|64|870|2
1572|0(1, 0, 2, 1, 0)|0|5|True|False|64|850|2
1573|1(0, 0, 2, 1, 0)|1|5|False|False|64|815|2
1574|0(0, 0(0), 0(0), 1, 0)|0|5|True|False|578|509|1
1575|0(1, 1, 0(0), 1, 0)|0|5|True|False|191|931|1
1576|1(0, 1, 0(0), 1, 0)|1|5|False|False|191|910|1
1577|0(0(0), 0, 0(0), 1, 0)|0|5|True|False|488|509|1
1578|1(1, 0, 0(0), 1, 0)|1|5|False|False|191|905|1
1579|2(0, 0, 0(0), 1, 0)|2|5|False|False|191|899|2
1580|0(0, 2, 1, 1, 0)|0|5|False|False|64|864|2
1581|0(1, 0(0), 1, 1, 0)|0|5|True|False|182|938|1
1582|1(0, 0(0), 1, 1, 0)|1|5|False|False|182|917|1
1583|0(0(0), 1, 1, 1, 0)|0|5|True|False|154|963|1
1584|1(1, 1, 1, 1, 0)|1|5|False|False|64|1486|1
1585|2(0, 1, 1, 1, 0)|2|5|False|False|64|1451|2
1586|0(2, 0, 1, 1, 0)|0|5|False|False|64|834|2
1587|1(0(0), 0, 1, 1, 0)|1|5|False|False|154|917|1
1588|2(1, 0, 1, 1, 0)|2|5|False|False|64|1441|2
1589|3(0, 0, 1, 1, 0)|3|5|False|False|64|1426|3
1590|0(0, 0(1), 0, 1, 0)|0|5|True|False|182|495|1
1591|0(1, 2, 0, 1, 0)|0|5|True|False|64|841|2
1592|1(0, 2, 0, 1, 0)|1|5|False|False|64|806|2
1593|0(0(0), 0(0), 0, 1, 0)|0|5|True|False|479|509|1
1594|1(1, 0(0), 0, 1, 0)|1|5|False|False|182|905|1
1595|2(0, 0(0), 0, 1, 0)|2|5|False|False|182|899|2
1596|0(2, 1, 0, 1, 0)|0|5|False|False|64|831|2
1597|1(0(0), 1, 0, 1, 0)|1|5|False|False|154|914|1
1598|2(1, 1, 0, 1, 0)|2|5|False|False|64|1438|2
1599|3(0, 1, 0, 1, 0)|3|5|False|False|64|1423|3
1600|0(0(1), 0, 0, 1, 0)|0|5|True|False|154|491|1
1601|1(2, 0, 0, 1, 0)|1|5|False|False|64|792|2
1602|2(0(0), 0, 0, 1, 0)|2|5|False|False|154|899|2
1603|3(1, 0, 0, 1, 0)|3|5|False|False|64|1419|3
1604|4(0, 0, 0, 1, 0)|4|5|False|False|64|1414|4
1605|0(0, 0, 1(0), 0, 0)|0|5|True|False|191|251|1
1606|0(0, 1, 0(1), 0, 0)|0|5|True|False|191|490|1
1607|0(1, 0, 0(1), 0, 0)|0|5|True|False|191|485|1
1608|1(0, 0, 0(1), 0, 0)|1|5|False|False|191|479|1
1609|0(0, 0(0), 2, 0, 0)|0|5|False|False|182|497|2
1610|0(1, 1, 2, 0, 0)|0|5|True|False|64|843|2
1611|1(0, 1, 2, 0, 0)|1|5|False|False|64|808|2
1612|0(0(0), 0, 2, 0, 0)|0|5|False|False|154|497|2
1613|1(1, 0, 2, 0, 0)|1|5|False|False|64|798|2
1614|2(0, 0, 2, 0, 0)|2|5|False|False|64|783|2
1615|0(0, 2, 0(0), 0, 0)|0|5|False|False|191|488|2
1616|0(1, 0(0), 0(0), 0, 0)|0|5|True|False|578|504|1
1617|1(0, 0(0), 0(0), 0, 0)|1|5|False|False|578|503|1
1618|0(0(0), 1, 0(0), 0, 0)|0|5|True|False|488|506|1
1619|1(1, 1, 0(0), 0, 0)|1|5|False|False|191|902|1
1620|2(0, 1, 0(0), 0, 0)|2|5|False|False|191|896|2
1621|0(2, 0, 0(0), 0, 0)|0|5|False|False|191|482|2
1622|1(0(0), 0, 0(0), 0, 0)|1|5|False|False|488|503|1
1623|2(1, 0, 0(0), 0, 0)|2|5|False|False|191|895|2
1624|3(0, 0, 0(0), 0, 0)|3|5|False|False|191|894|3
1625|0(0, 0(1), 1, 0, 0)|0|5|True|False|182|494|1
1626|0(1, 2, 1, 0, 0)|0|5|True|False|64|840|2
1627|1(0, 2, 1, 0, 0)|1|5|False|False|64|805|2
1628|0(0(0), 0(0), 1, 0, 0)|0|5|True|False|479|508|1
1629|1(1, 0(0), 1, 0, 0)|1|5|False|False|182|904|1
1630|2(0, 0(0), 1, 0, 0)|2|5|False|False|182|898|2
1631|0(2, 1, 1, 0, 0)|0|5|False|False|64|830|2
1632|1(0(0), 1, 1, 0, 0)|1|5|False|False|154|913|1
1633|2(1, 1, 1, 0, 0)|2|5|False|False|64|1437|2
1634|3(0, 1, 1, 0, 0)|3|5|False|False|64|1422|3
1635|0(0(1), 0, 1, 0, 0)|0|5|True|False|154|490|1
1636|1(2, 0, 1, 0, 0)|1|5|False|False|64|791|2
1637|2(0(0), 0, 1, 0, 0)|2|5|False|False|154|898|2
1638|3(1, 0, 1, 0, 0)|3|5|False|False|64|1418|3
1639|4(0, 0, 1, 0, 0)|4|5|False|False|64|1413|4
1640|0(0, 1(0), 0, 0, 0)|0|5|True|False|182|250|1
1641|0(1, 0(1), 0, 0, 0)|0|5|True|False|182|484|1
1642|1(0, 0(1), 0, 0, 0)|1|5|False|False|182|478|1
1643|0(0(0), 2, 0, 0, 0)|0|5|False|False|154|493|2
1644|1(1, 2, 0, 0, 0)|1|5|False|False|64|794|2
1645|2(0, 2, 0, 0, 0)|2|5|False|False|64|779|2
1646|0(2, 0(0), 0, 0, 0)|0|5|False|False|182|482|2
1647|1(0(0), 0(0), 0, 0, 0)|1|5|False|False|479|503|1
1648|2(1, 0(0), 0, 0, 0)|2|5|False|False|182|895|2
1649|3(0, 0(0), 0, 0, 0)|3|5|False|False|182|894|3
1650|0(0(1), 1, 0, 0, 0)|0|5|True|False|154|489|1
1651|1(2, 1, 0, 0, 0)|1|5|False|False|64|790|2
1652|2(0(0), 1, 0, 0, 0)|2|5|False|False|154|897|2
1653|3(1, 1, 0, 0, 0)|3|5|False|False|64|1417|3
1654|4(0, 1, 0, 0, 0)|4|5|False|False|64|1412|4
1655|0(1(0), 0, 0, 0, 0)|0|5|True|False|154|249|1
1656|1(0(1), 0, 0, 0, 0)|1|5|False|False|154|477|1
1657|2(2, 0, 0, 0, 0)|2|5|False|False|64|774|2
1658|3(0(0), 0, 0, 0, 0)|3|5|False|False|154|894|3
1659|4(1, 0, 0, 0, 0)|4|5|False|False|64|1411|4
1660|5(0, 0, 0, 0, 0)|5|5|False|False|64|1410|5
1661|0(0, 0, 0, 0, 0, 0(1))|0|6|True|False|624|510|1
1662|0(0, 0, 0, 0, 1, 2)|0|6|True|False|196|976|2
1663|0(0, 0, 0, 1, 0, 2)|0|6|True|False|196|973|2
1664|0(0, 0, 1, 0, 0, 2)|0|6|True|False|196|967|2
1665|0(0, 1, 0, 0, 0, 2)|0|6|True|False|196|957|2
1666|0(1, 0, 0, 0, 0, 2)|0|6|True|False|196|942|2
1667|1(0, 0, 0, 0, 0, 2)|1|6|False|False|196|921|2
1668|0(0, 0, 0, 0, 0(0), 0(0))|0|6|True|False|2049|511|0
1669|0(0, 0, 0, 1, 1, 0(0))|0|6|True|False|624|1005|1
1670|0(0, 0, 1, 0, 1, 0(0))|0|6|True|False|624|1001|1
1671|0(0, 1, 0, 0, 1, 0(0))|0|6|True|False|624|996|1
1672|0(1, 0, 0, 0, 1, 0(0))|0|6|True|False|624|990|1
1673|1(0, 0, 0, 0, 1, 0(0))|1|6|False|False|624|983|1
1674|0(0, 0, 0, 0(0), 0, 0(0))|0|6|True|False|2040|511|0
1675|0(0, 0, 1, 1, 0, 0(0))|0|6|True|False|624|1000|1
1676|0(0, 1, 0, 1, 0, 0(0))|0|6|True|False|624|995|1
1677|0(1, 0, 0, 1, 0, 0(0))|0|6|True|False|624|989|1
1678|1(0, 0, 0, 1, 0, 0(0))|1|6|False|False|624|982|1
1679|0(0, 0, 0(0), 0, 0, 0(0))|0|6|True|False|2012|511|0
1680|0(0, 1, 1, 0, 0, 0(0))|0|6|True|False|624|994|1
1681|0(1, 0, 1, 0, 0, 0(0))|0|6|True|False|624|988|1
1682|1(0, 0, 1, 0, 0, 0(0))|1|6|False|False|624|981|1
1683|0(0, 0(0), 0, 0, 0, 0(0))|0|6|True|False|1922|511|0
1684|0(1, 1, 0, 0, 0, 0(0))|0|6|True|False|624|987|1
1685|1(0, 1, 0, 0, 0, 0(0))|1|6|False|False|624|980|1
1686|0(0(0), 0, 0, 0, 0, 0(0))|0|6|True|False|1625|511|0
1687|1(1, 0, 0, 0, 0, 0(0))|1|6|False|False|624|979|1
1688|2(0, 0, 0, 0, 0, 0(0))|2|6|False|False|624|978|2
1689|0(0, 0, 0, 0, 2, 1)|0|6|False|False|196|975|2
1690|0(0, 0, 0, 1, 0(0), 1)|0|6|True|False|623|1007|1
1691|0(0, 0, 1, 0, 0(0), 1)|0|6|True|False|623|1003|1
1692|0(0, 1, 0, 0, 0(0), 1)|0|6|True|False|623|998|1
1693|0(1, 0, 0, 0, 0(0), 1)|0|6|True|False|623|992|1
1694|1(0, 0, 0, 0, 0(0), 1)|1|6|False|False|623|985|1
1695|0(0, 0, 0, 0(0), 1, 1)|0|6|True|False|620|1012|1
1696|0(0, 0, 1, 1, 1, 1)|0|6|True|False|196|1851|1
1697|0(0, 1, 0, 1, 1, 1)|0|6|True|False|196|1831|1
1698|0(1, 0, 0, 1, 1, 1)|0|6|True|False|196|1796|1
1699|1(0, 0, 0, 1, 1, 1)|1|6|False|False|196|1740|1
1700|0(0, 0, 0(0), 0, 1, 1)|0|6|True|False|611|1012|1
1701|0(0, 1, 1, 0, 1, 1)|0|6|True|False|196|1825|1
1702|0(1, 0, 1, 0, 1, 1)|0|6|True|False|196|1790|1
1703|1(0, 0, 1, 0, 1, 1)|1|6|False|False|196|1734|1
1704|0(0, 0(0), 0, 0, 1, 1)|0|6|True|False|583|1012|1
1705|0(1, 1, 0, 0, 1, 1)|0|6|True|False|196|1780|1
1706|1(0, 1, 0, 0, 1, 1)|1|6|False|False|196|1724|1
1707|0(0(0), 0, 0, 0, 1, 1)|0|6|True|False|493|1012|1
1708|1(1, 0, 0, 0, 1, 1)|1|6|False|False|196|1709|1
1709|2(0, 0, 0, 0, 1, 1)|2|6|False|False|196|1688|2
1710|0(0, 0, 0, 2, 0, 1)|0|6|False|False|196|970|2
1711|0(0, 0, 1, 0(0), 0, 1)|0|6|True|False|620|1003|1
1712|0(0, 1, 0, 0(0), 0, 1)|0|6|True|False|620|998|1
1713|0(1, 0, 0, 0(0), 0, 1)|0|6|True|False|620|992|1
1714|1(0, 0, 0, 0(0), 0, 1)|1|6|False|False|620|985|1
1715|0(0, 0, 0(0), 1, 0, 1)|0|6|True|False|611|1010|1
1716|0(0, 1, 1, 1, 0, 1)|0|6|True|False|196|1823|1
1717|0(1, 0, 1, 1, 0, 1)|0|6|True|False|196|1788|1
1718|1(0, 0, 1, 1, 0, 1)|1|6|False|False|196|1732|1
1719|0(0, 0(0), 0, 1, 0, 1)|0|6|True|False|583|1010|1
1720|0(1, 1, 0, 1, 0, 1)|0|6|True|False|196|1778|1
1721|1(0, 1, 0, 1, 0, 1)|1|6|False|False|196|1722|1
1722|0(0(0), 0, 0, 1, 0, 1)|0|6|True|False|493|1010|1
1723|1(1, 0, 0, 1, 0, 1)|1|6|False|False|196|1707|1
1724|2(0, 0, 0, 1, 0, 1)|2|6|False|False|196|1686|2
1725|0(0, 0, 2, 0, 0, 1)|0|6|False|False|196|961|2
1726|0(0, 1, 0(0), 0, 0, 1)|0|6|True|False|611|998|1
1727|0(1, 0, 0(0), 0, 0, 1)|0|6|True|False|611|992|1
1728|1(0, 0, 0(0), 0, 0, 1)|1|6|False|False|611|985|1
1729|0(0, 0(0), 1, 0, 0, 1)|0|6|True|False|583|1007|1
1730|0(1, 1, 1, 0, 0, 1)|0|6|True|False|196|1775|1
1731|1(0, 1, 1, 0, 0, 1)|1|6|False|False|196|1719|1
1732|0(0(0), 0, 1, 0, 0, 1)|0|6|True|False|493|1007|1
1733|1(1, 0, 1, 0, 0, 1)|1|6|False|False|196|1704|1
1734|2(0, 0, 1, 0, 0, 1)|2|6|False|False|196|1683|2
1735|0(0, 2, 0, 0, 0, 1)|0|6|False|False|196|947|2
1736|0(1, 0(0), 0, 0, 0, 1)|0|6|True|False|583|992|1
1737|1(0, 0(0), 0, 0, 0, 1)|1|6|False|False|583|985|1
1738|0(0(0), 1, 0, 0, 0, 1)|0|6|True|False|493|1003|1
1739|1(1, 1, 0, 0, 0, 1)|1|6|False|False|196|1700|1
1740|2(0, 1, 0, 0, 0, 1)|2|6|False|False|196|1679|2
1741|0(2, 0, 0, 0, 0, 1)|0|6|False|False|196|927|2
1742|1(0(0), 0, 0, 0, 0, 1)|1|6|False|False|493|985|1
1743|2(1, 0, 0, 0, 0, 1)|2|6|False|False|196|1674|2
1744|3(0, 0, 0, 0, 0, 1)|3|6|False|False|196|1668|3
1745|0(0, 0, 0, 0, 0(1), 0)|0|6|True|False|623|509|1
1746|0(0, 0, 0, 1, 2, 0)|0|6|True|False|196|971|2
1747|0(0, 0, 1, 0, 2, 0)|0|6|True|False|196|965|2
1748|0(0, 1, 0, 0, 2, 0)|0|6|True|False|196|955|2
1749|0(1, 0, 0, 0, 2, 0)|0|6|True|False|196|940|2
1750|1(0, 0, 0, 0, 2, 0)|1|6|False|False|196|919|2
1751|0(0, 0, 0, 0(0), 0(0), 0)|0|6|True|False|2039|511|0
1752|0(0, 0, 1, 1, 0(0), 0)|0|6|True|False|623|1000|1
1753|0(0, 1, 0, 1, 0(0), 0)|0|6|True|False|623|995|1
1754|0(1, 0, 0, 1, 0(0), 0)|0|6|True|False|623|989|1
1755|1(0, 0, 0, 1, 0(0), 0)|1|6|False|False|623|982|1
1756|0(0, 0, 0(0), 0, 0(0), 0)|0|6|True|False|2011|511|0
1757|0(0, 1, 1, 0, 0(0), 0)|0|6|True|False|623|994|1
1758|0(1, 0, 1, 0, 0(0), 0)|0|6|True|False|623|988|1
1759|1(0, 0, 1, 0, 0(0), 0)|1|6|False|False|623|981|1
1760|0(0, 0(0), 0, 0, 0(0), 0)|0|6|True|False|1921|511|0
1761|0(1, 1, 0, 0, 0(0), 0)|0|6|True|False|623|987|1
1762|1(0, 1, 0, 0, 0(0), 0)|1|6|False|False|623|980|1
1763|0(0(0), 0, 0, 0, 0(0), 0)|0|6|True|False|1624|511|0
1764|1(1, 0, 0, 0, 0(0), 0)|1|6|False|False|623|979|1
1765|2(0, 0, 0, 0, 0(0), 0)|2|6|False|False|623|978|2
1766|0(0, 0, 0, 2, 1, 0)|0|6|False|False|196|969|2
1767|0(0, 0, 1, 0(0), 1, 0)|0|6|True|False|620|1002|1
1768|0(0, 1, 0, 0(0), 1, 0)|0|6|True|False|620|997|1
1769|0(1, 0, 0, 0(0), 1, 0)|0|6|True|False|620|991|1
1770|1(0, 0, 0, 0(0), 1, 0)|1|6|False|False|620|984|1
1771|0(0, 0, 0(0), 1, 1, 0)|0|6|True|False|611|1009|1
1772|0(0, 1, 1, 1, 1, 0)|0|6|True|False|196|1822|1
1773|0(1, 0, 1, 1, 1, 0)|0|6|True|False|196|1787|1
1774|1(0, 0, 1, 1, 1, 0)|1|6|False|False|196|1731|1
1775|0(0, 0(0), 0, 1, 1, 0)|0|6|True|False|583|1009|1
1776|0(1, 1, 0, 1, 1, 0)|0|6|True|False|196|1777|1
1777|1(0, 1, 0, 1, 1, 0)|1|6|False|False|196|1721|1
1778|0(0(0), 0, 0, 1, 1, 0)|0|6|True|False|493|1009|1
1779|1(1, 0, 0, 1, 1, 0)|1|6|False|False|196|1706|1
1780|2(0, 0, 0, 1, 1, 0)|2|6|False|False|196|1685|2
1781|0(0, 0, 2, 0, 1, 0)|0|6|False|False|196|960|2
1782|0(0, 1, 0(0), 0, 1, 0)|0|6|True|False|611|997|1
1783|0(1, 0, 0(0), 0, 1, 0)|0|6|True|False|611|991|1
1784|1(0, 0, 0(0), 0, 1, 0)|1|6|False|False|611|984|1
1785|0(0, 0(0), 1, 0, 1, 0)|0|6|True|False|583|1006|1
1786|0(1, 1, 1, 0, 1, 0)|0|6|True|False|196|1774|1
1787|1(0, 1, 1, 0, 1, 0)|1|6|False|False|196|1718|1
1788|0(0(0), 0, 1, 0, 1, 0)|0|6|True|False|493|1006|1
1789|1(1, 0, 1, 0, 1, 0)|1|6|False|False|196|1703|1
1790|2(0, 0, 1, 0, 1, 0)|2|6|False|False|196|1682|2
1791|0(0, 2, 0, 0, 1, 0)|0|6|False|False|196|946|2
1792|0(1, 0(0), 0, 0, 1, 0)|0|6|True|False|583|991|1
1793|1(0, 0(0), 0, 0, 1, 0)|1|6|False|False|583|984|1
1794|0(0(0), 1, 0, 0, 1, 0)|0|6|True|False|493|1002|1
1795|1(1, 1, 0, 0, 1, 0)|1|6|False|False|196|1699|1
1796|2(0, 1, 0, 0, 1, 0)|2|6|False|False|196|1678|2
1797|0(2, 0, 0, 0, 1, 0)|0|6|False|False|196|926|2
1798|1(0(0), 0, 0, 0, 1, 0)|1|6|False|False|493|984|1
1799|2(1, 0, 0, 0, 1, 0)|2|6|False|False|196|1673|2
1800|3(0, 0, 0, 0, 1, 0)|3|6|False|False|196|1667|3
1801|0(0, 0, 0, 0(1), 0, 0)|0|6|True|False|620|508|1
1802|0(0, 0, 1, 2, 0, 0)|0|6|True|False|196|962|2
1803|0(0, 1, 0, 2, 0, 0)|0|6|True|False|196|952|2
1804|0(1, 0, 0, 2, 0, 0)|0|6|True|False|196|937|2
1805|1(0, 0, 0, 2, 0, 0)|1|6|False|False|196|916|2
1806|0(0, 0, 0(0), 0(0), 0, 0)|0|6|True|False|2008|511|0
1807|0(0, 1, 1, 0(0), 0, 0)|0|6|True|False|620|994|1
1808|0(1, 0, 1, 0(0), 0, 0)|0|6|True|False|620|988|1
1809|1(0, 0, 1, 0(0), 0, 0)|1|6|False|False|620|981|1
1810|0(0, 0(0), 0, 0(0), 0, 0)|0|6|True|False|1918|511|0
1811|0(1, 1, 0, 0(0), 0, 0)|0|6|True|False|620|987|1
1812|1(0, 1, 0, 0(0), 0, 0)|1|6|False|False|620|980|1
1813|0(0(0), 0, 0, 0(0), 0, 0)|0|6|True|False|1621|511|0
1814|1(1, 0, 0, 0(0), 0, 0)|1|6|False|False|620|979|1
1815|2(0, 0, 0, 0(0), 0, 0)|2|6|False|False|620|978|2
1816|0(0, 0, 2, 1, 0, 0)|0|6|False|False|196|959|2
1817|0(0, 1, 0(0), 1, 0, 0)|0|6|True|False|611|996|1
1818|0(1, 0, 0(0), 1, 0, 0)|0|6|True|False|611|990|1
1819|1(0, 0, 0(0), 1, 0, 0)|1|6|False|False|611|983|1
1820|0(0, 0(0), 1, 1, 0, 0)|0|6|True|False|583|1005|1
1821|0(1, 1, 1, 1, 0, 0)|0|6|True|False|196|1773|1
1822|1(0, 1, 1, 1, 0, 0)|1|6|False|False|196|1717|1
1823|0(0(0), 0, 1, 1, 0, 0)|0|6|True|False|493|1005|1
1824|1(1, 0, 1, 1, 0, 0)|1|6|False|False|196|1702|1
1825|2(0, 0, 1, 1, 0, 0)|2|6|False|False|196|1681|2
1826|0(0, 2, 0, 1, 0, 0)|0|6|False|False|196|945|2
1827|0(1, 0(0), 0, 1, 0, 0)|0|6|True|False|583|990|1
1828|1(0, 0(0), 0, 1, 0, 0)|1|6|False|False|583|983|1
1829|0(0(0), 1, 0, 1, 0, 0)|0|6|True|False|493|1001|1
1830|1(1, 1, 0, 1, 0, 0)|1|6|False|False|196|1698|1
1831|2(0, 1, 0, 1, 0, 0)|2|6|False|False|196|1677|2
1832|0(2, 0, 0, 1, 0, 0)|0|6|False|False|196|925|2
1833|1(0(0), 0, 0, 1, 0, 0)|1|6|False|False|493|983|1
1834|2(1, 0, 0, 1, 0, 0)|2|6|False|False|196|1672|2
1835|3(0, 0, 0, 1, 0, 0)|3|6|False|False|196|1666|3
1836|0(0, 0, 0(1), 0, 0, 0)|0|6|True|False|611|507|1
1837|0(0, 1, 2, 0, 0, 0)|0|6|True|False|196|948|2
1838|0(1, 0, 2, 0, 0, 0)|0|6|True|False|196|933|2
1839|1(0, 0, 2, 0, 0, 0)|1|6|False|False|196|912|2
1840|0(0, 0(0), 0(0), 0, 0, 0)|0|6|True|False|1909|511|0
1841|0(1, 1, 0(0), 0, 0, 0)|0|6|True|False|611|987|1
1842|1(0, 1, 0(0), 0, 0, 0)|1|6|False|False|611|980|1
1843|0(0(0), 0, 0(0), 0, 0, 0)|0|6|True|False|1612|511|0
1844|1(1, 0, 0(0), 0, 0, 0)|1|6|False|False|611|979|1
1845|2(0, 0, 0(0), 0, 0, 0)|2|6|False|False|611|978|2
1846|0(0, 2, 1, 0, 0, 0)|0|6|False|False|196|944|2
1847|0(1, 0(0), 1, 0, 0, 0)|0|6|True|False|583|989|1
1848|1(0, 0(0), 1, 0, 0, 0)|1|6|False|False|583|982|1
1849|0(0(0), 1, 1, 0, 0, 0)|0|6|True|False|493|1000|1
1850|1(1, 1, 1, 0, 0, 0)|1|6|False|False|196|1697|1
1851|2(0, 1, 1, 0, 0, 0)|2|6|False|False|196|1676|2
1852|0(2, 0, 1, 0, 0, 0)|0|6|False|False|196|924|2
1853|1(0(0), 0, 1, 0, 0, 0)|1|6|False|False|493|982|1
1854|2(1, 0, 1, 0, 0, 0)|2|6|False|False|196|1671|2
1855|3(0, 0, 1, 0, 0, 0)|3|6|False|False|196|1665|3
1856|0(0, 0(1), 0, 0, 0, 0)|0|6|True|False|583|506|1
1857|0(1, 2, 0, 0, 0, 0)|0|6|True|False|196|928|2
1858|1(0, 2, 0, 0, 0, 0)|1|6|False|False|196|907|2
1859|0(0(0), 0(0), 0, 0, 0, 0)|0|6|True|False|1584|511|0
1860|1(1, 0(0), 0, 0, 0, 0)|1|6|False|False|583|979|1
1861|2(0, 0(0), 0, 0, 0, 0)|2|6|False|False|583|978|2
1862|0(2, 1, 0, 0, 0, 0)|0|6|False|False|196|923|2
1863|1(0(0), 1, 0, 0, 0, 0)|1|6|False|False|493|981|1
1864|2(1, 1, 0, 0, 0, 0)|2|6|False|False|196|1670|2
1865|3(0, 1, 0, 0, 0, 0)|3|6|False|False|196|1664|3
1866|0(0(1), 0, 0, 0, 0, 0)|0|6|True|False|493|505|1
1867|1(2, 0, 0, 0, 0, 0)|1|6|False|False|196|901|2
1868|2(0(0), 0, 0, 0, 0, 0)|2|6|False|False|493|978|2
1869|3(1, 0, 0, 0, 0, 0)|3|6|False|False|196|1663|3
1870|4(0, 0, 0, 0, 0, 0)|4|6|False|False|196|1662|4
1871|0(0, 0, 0, 0, 0, 0, 2)|0|7|False|False|625|1013|2
1872|0(0, 0, 0, 0, 0, 1, 0(0))|0|7|True|False|2054|1020|1
1873|0(0, 0, 0, 0, 1, 0, 0(0))|0|7|True|False|2054|1019|1
1874|0(0, 0, 0, 1, 0, 0, 0(0))|0|7|True|False|2054|1018|1
1875|0(0, 0, 1, 0, 0, 0, 0(0))|0|7|True|False|2054|1017|1
1876|0(0, 1, 0, 0, 0, 0, 0(0))|0|7|True|False|2054|1016|1
1877|0(1, 0, 0, 0, 0, 0, 0(0))|0|7|True|False|2054|1015|1
1878|1(0, 0, 0, 0, 0, 0, 0(0))|1|7|False|False|2054|1014|1
1879|0(0, 0, 0, 0, 0, 0(0), 1)|0|7|True|False|2053|1022|1
1880|0(0, 0, 0, 0, 1, 1, 1)|0|7|True|False|625|1986|1
1881|0(0, 0, 0, 1, 0, 1, 1)|0|7|True|False|625|1980|1
1882|0(0, 0, 1, 0, 0, 1, 1)|0|7|True|False|625|1970|1
1883|0(0, 1, 0, 0, 0, 1, 1)|0|7|True|False|625|1955|1
1884|0(1, 0, 0, 0, 0, 1, 1)|0|7|True|False|625|1934|1
1885|1(0, 0, 0, 0, 0, 1, 1)|1|7|False|False|625|1906|1
1886|0(0, 0, 0, 0, 0(0), 0, 1)|0|7|True|False|2050|1022|1
1887|0(0, 0, 0, 1, 1, 0, 1)|0|7|True|False|625|1978|1
1888|0(0, 0, 1, 0, 1, 0, 1)|0|7|True|False|625|1968|1
1889|0(0, 1, 0, 0, 1, 0, 1)|0|7|True|False|625|1953|1
1890|0(1, 0, 0, 0, 1, 0, 1)|0|7|True|False|625|1932|1
1891|1(0, 0, 0, 0, 1, 0, 1)|1|7|False|False|625|1904|1
1892|0(0, 0, 0, 0(0), 0, 0, 1)|0|7|True|False|2041|1022|1
1893|0(0, 0, 1, 1, 0, 0, 1)|0|7|True|False|625|1965|1
1894|0(0, 1, 0, 1, 0, 0, 1)|0|7|True|False|625|1950|1
1895|0(1, 0, 0, 1, 0, 0, 1)|0|7|True|False|625|1929|1
1896|1(0, 0, 0, 1, 0, 0, 1)|1|7|False|False|625|1901|1
1897|0(0, 0, 0(0), 0, 0, 0, 1)|0|7|True|False|2013|1022|1
1898|0(0, 1, 1, 0, 0, 0, 1)|0|7|True|False|625|1946|1
1899|0(1, 0, 1, 0, 0, 0, 1)|0|7|True|False|625|1925|1
1900|1(0, 0, 1, 0, 0, 0, 1)|1|7|False|False|625|1897|1
1901|0(0, 0(0), 0, 0, 0, 0, 1)|0|7|True|False|1923|1022|1
1902|0(1, 1, 0, 0, 0, 0, 1)|0|7|True|False|625|1920|1
1903|1(0, 1, 0, 0, 0, 0, 1)|1|7|False|False|625|1892|1
1904|0(0(0), 0, 0, 0, 0, 0, 1)|0|7|True|False|1626|1022|1
1905|1(1, 0, 0, 0, 0, 0, 1)|1|7|False|False|625|1886|1
1906|2(0, 0, 0, 0, 0, 0, 1)|2|7|False|False|625|1879|2
1907|0(0, 0, 0, 0, 0, 2, 0)|0|7|False|False|625|1011|2
1908|0(0, 0, 0, 0, 1, 0(0), 0)|0|7|True|False|2053|1019|1
1909|0(0, 0, 0, 1, 0, 0(0), 0)|0|7|True|False|2053|1018|1
1910|0(0, 0, 1, 0, 0, 0(0), 0)|0|7|True|False|2053|1017|1
1911|0(0, 1, 0, 0, 0, 0(0), 0)|0|7|True|False|2053|1016|1
1912|0(1, 0, 0, 0, 0, 0(0), 0)|0|7|True|False|2053|1015|1
1913|1(0, 0, 0, 0, 0, 0(0), 0)|1|7|False|False|2053|1014|1
1914|0(0, 0, 0, 0, 0(0), 1, 0)|0|7|True|False|2050|1021|1
1915|0(0, 0, 0, 1, 1, 1, 0)|0|7|True|False|625|1977|1
1916|0(0, 0, 1, 0, 1, 1, 0)|0|7|True|False|625|1967|1
1917|0(0, 1, 0, 0, 1, 1, 0)|0|7|True|False|625|1952|1
1918|0(1, 0, 0, 0, 1, 1, 0)|0|7|True|False|625|1931|1
1919|1(0, 0, 0, 0, 1, 1, 0)|1|7|False|False|625|1903|1
1920|0(0, 0, 0, 0(0), 0, 1, 0)|0|7|True|False|2041|1021|1
1921|0(0, 0, 1, 1, 0, 1, 0)|0|7|True|False|625|1964|1
1922|0(0, 1, 0, 1, 0, 1, 0)|0|7|True|False|625|1949|1
1923|0(1, 0, 0, 1, 0, 1, 0)|0|7|True|False|625|1928|1
1924|1(0, 0, 0, 1, 0, 1, 0)|1|7|False|False|625|1900|1
1925|0(0, 0, 0(0), 0, 0, 1, 0)|0|7|True|False|2013|1021|1
1926|0(0, 1, 1, 0, 0, 1, 0)|0|7|True|False|625|1945|1
1927|0(1, 0, 1, 0, 0, 1, 0)|0|7|True|False|625|1924|1
1928|1(0, 0, 1, 0, 0, 1, 0)|1|7|False|False|625|1896|1
1929|0(0, 0(0), 0, 0, 0, 1, 0)|0|7|True|False|1923|1021|1
1930|0(1, 1, 0, 0, 0, 1, 0)|0|7|True|False|625|1919|1
1931|1(0, 1, 0, 0, 0, 1, 0)|1|7|False|False|625|1891|1
1932|0(0(0), 0, 0, 0, 0, 1, 0)|0|7|True|False|1626|1021|1
1933|1(1, 0, 0, 0, 0, 1, 0)|1|7|False|False|625|1885|1
1934|2(0, 0, 0, 0, 0, 1, 0)|2|7|False|False|625|1878|2
1935|0(0, 0, 0, 0, 2, 0, 0)|0|7|False|False|625|1008|2
1936|0(0, 0, 0, 1, 0(0), 0, 0)|0|7|True|False|2050|1018|1
1937|0(0, 0, 1, 0, 0(0), 0, 0)|0|7|True|False|2050|1017|1
1938|0(0, 1, 0, 0, 0(0), 0, 0)|0|7|True|False|2050|1016|1
1939|0(1, 0, 0, 0, 0(0), 0, 0)|0|7|True|False|2050|1015|1
1940|1(0, 0, 0, 0, 0(0), 0, 0)|1|7|False|False|2050|1014|1
1941|0(0, 0, 0, 0(0), 1, 0, 0)|0|7|True|False|2041|1020|1
1942|0(0, 0, 1, 1, 1, 0, 0)|0|7|True|False|625|1963|1
1943|0(0, 1, 0, 1, 1, 0, 0)|0|7|True|False|625|1948|1
1944|0(1, 0, 0, 1, 1, 0, 0)|0|7|True|False|625|1927|1
1945|1(0, 0, 0, 1, 1, 0, 0)|1|7|False|False|625|1899|1
1946|0(0, 0, 0(0), 0, 1, 0, 0)|0|7|True|False|2013|1020|1
1947|0(0, 1, 1, 0, 1, 0, 0)|0|7|True|False|625|1944|1
1948|0(1, 0, 1, 0, 1, 0, 0)|0|7|True|False|625|1923|1
1949|1(0, 0, 1, 0, 1, 0, 0)|1|7|False|False|625|1895|1
1950|0(0, 0(0), 0, 0, 1, 0, 0)|0|7|True|False|1923|1020|1
1951|0(1, 1, 0, 0, 1, 0, 0)|0|7|True|False|625|1918|1
1952|1(0, 1, 0, 0, 1, 0, 0)|1|7|False|False|625|1890|1
1953|0(0(0), 0, 0, 0, 1, 0, 0)|0|7|True|False|1626|1020|1
1954|1(1, 0, 0, 0, 1, 0, 0)|1|7|False|False|625|1884|1
1955|2(0, 0, 0, 0, 1, 0, 0)|2|7|False|False|625|1877|2
1956|0(0, 0, 0, 2, 0, 0, 0)|0|7|False|False|625|1004|2
1957|0(0, 0, 1, 0(0), 0, 0, 0)|0|7|True|False|2041|1017|1
1958|0(0, 1, 0, 0(0), 0, 0, 0)|0|7|True|False|2041|1016|1
1959|0(1, 0, 0, 0(0), 0, 0, 0)|0|7|True|False|2041|1015|1
1960|1(0, 0, 0, 0(0), 0, 0, 0)|1|7|False|False|2041|1014|1
1961|0(0, 0, 0(0), 1, 0, 0, 0)|0|7|True|False|2013|1019|1
1962|0(0, 1, 1, 1, 0, 0, 0)|0|7|True|False|625|1943|1
1963|0(1, 0, 1, 1, 0, 0, 0)|0|7|True|False|625|1922|1
1964|1(0, 0, 1, 1, 0, 0, 0)|1|7|False|False|625|1894|1
1965|0(0, 0(0), 0, 1, 0, 0, 0)|0|7|True|False|1923|1019|1
1966|0(1, 1, 0, 1, 0, 0, 0)|0|7|True|False|625|1917|1
1967|1(0, 1, 0, 1, 0, 0, 0)|1|7|False|False|625|1889|1
1968|0(0(0), 0, 0, 1, 0, 0, 0)|0|7|True|False|1626|1019|1
1969|1(1, 0, 0, 1, 0, 0, 0)|1|7|False|False|625|1883|1
1970|2(0, 0, 0, 1, 0, 0, 0)|2|7|False|False|625|1876|2
1971|0(0, 0, 2, 0, 0, 0, 0)|0|7|False|False|625|999|2
1972|0(0, 1, 0(0), 0, 0, 0, 0)|0|7|True|False|2013|1016|1
1973|0(1, 0, 0(0), 0, 0, 0, 0)|0|7|True|False|2013|1015|1
1974|1(0, 0, 0(0), 0, 0, 0, 0)|1|7|False|False|2013|1014|1
1975|0(0, 0(0), 1, 0, 0, 0, 0)|0|7|True|False|1923|1018|1
1976|0(1, 1, 1, 0, 0, 0, 0)|0|7|True|False|625|1916|1
1977|1(0, 1, 1, 0, 0, 0, 0)|1|7|False|False|625|1888|1
1978|0(0(0), 0, 1, 0, 0, 0, 0)|0|7|True|False|1626|1018|1
1979|1(1, 0, 1, 0, 0, 0, 0)|1|7|False|False|625|1882|1
1980|2(0, 0, 1, 0, 0, 0, 0)|2|7|False|False|625|1875|2
1981|0(0, 2, 0, 0, 0, 0, 0)|0|7|False|False|625|993|2
1982|0(1, 0(0), 0, 0, 0, 0, 0)|0|7|True|False|1923|1015|1
1983|1(0, 0(0), 0, 0, 0, 0, 0)|1|7|False|False|1923|1014|1
1984|0(0(0), 1, 0, 0, 0, 0, 0)|0|7|True|False|1626|1017|1
1985|1(1, 1, 0, 0, 0, 0, 0)|1|7|False|False|625|1881|1
1986|2(0, 1, 0, 0, 0, 0, 0)|2|7|False|False|625|1874|2
1987|0(2, 0, 0, 0, 0, 0, 0)|0|7|False|False|625|986|2
1988|1(0(0), 0, 0, 0, 0, 0, 0)|1|7|False|False|1626|1014|1
1989|2(1, 0, 0, 0, 0, 0, 0)|2|7|False|False|625|1873|2
1990|3(0, 0, 0, 0, 0, 0, 0)|3|7|False|False|625|1872|3
1991|0(0, 0, 0, 0, 0, 0, 0, 0(0))|0|8|True|False|6916|1023|0
1992|0(0, 0, 0, 0, 0, 0, 1, 1)|0|8|True|False|2055|2035|1
1993|0(0, 0, 0, 0, 0, 1, 0, 1)|0|8|True|False|2055|2033|1
1994|0(0, 0, 0, 0, 1, 0, 0, 1)|0|8|True|False|2055|2030|1
1995|0(0, 0, 0, 1, 0, 0, 0, 1)|0|8|True|False|2055|2026|1
1996|0(0, 0, 1, 0, 0, 0, 0, 1)|0|8|True|False|2055|2021|1
1997|0(0, 1, 0, 0, 0, 0, 0, 1)|0|8|True|False|2055|2015|1
1998|0(1, 0, 0, 0, 0, 0, 0, 1)|0|8|True|False|2055|2008|1
1999|1(0, 0, 0, 0, 0, 0, 0, 1)|1|8|False|False|2055|2000|1
2000|0(0, 0, 0, 0, 0, 0, 0(0), 0)|0|8|True|False|6915|1023|0
2001|0(0, 0, 0, 0, 0, 1, 1, 0)|0|8|True|False|2055|2032|1
2002|0(0, 0, 0, 0, 1, 0, 1, 0)|0|8|True|False|2055|2029|1
2003|0(0, 0, 0, 1, 0, 0, 1, 0)|0|8|True|False|2055|2025|1
2004|0(0, 0, 1, 0, 0, 0, 1, 0)|0|8|True|False|2055|2020|1
2005|0(0, 1, 0, 0, 0, 0, 1, 0)|0|8|True|False|2055|2014|1
2006|0(1, 0, 0, 0, 0, 0, 1, 0)|0|8|True|False|2055|2007|1
2007|1(0, 0, 0, 0, 0, 0, 1, 0)|1|8|False|False|2055|1999|1
2008|0(0, 0, 0, 0, 0, 0(0), 0, 0)|0|8|True|False|6912|1023|0
2009|0(0, 0, 0, 0, 1, 1, 0, 0)|0|8|True|False|2055|2028|1
2010|0(0, 0, 0, 1, 0, 1, 0, 0)|0|8|True|False|2055|2024|1
2011|0(0, 0, 1, 0, 0, 1, 0, 0)|0|8|True|False|2055|2019|1
2012|0(0, 1, 0, 0, 0, 1, 0, 0)|0|8|True|False|2055|2013|1
2013|0(1, 0, 0, 0, 0, 1, 0, 0)|0|8|True|False|2055|2006|1
2014|1(0, 0, 0, 0, 0, 1, 0, 0)|1|8|False|False|2055|1998|1
2015|0(0, 0, 0, 0, 0(0), 0, 0, 0)|0|8|True|False|6903|1023|0
2016|0(0, 0, 0, 1, 1, 0, 0, 0)|0|8|True|False|2055|2023|1
2017|0(0, 0, 1, 0, 1, 0, 0, 0)|0|8|True|False|2055|2018|1
2018|0(0, 1, 0, 0, 1, 0, 0, 0)|0|8|True|False|2055|2012|1
2019|0(1, 0, 0, 0, 1, 0, 0, 0)|0|8|True|False|2055|2005|1
2020|1(0, 0, 0, 0, 1, 0, 0, 0)|1|8|False|False|2055|1997|1
2021|0(0, 0, 0, 0(0), 0, 0, 0, 0)|0|8|True|False|6875|1023|0
2022|0(0, 0, 1, 1, 0, 0, 0, 0)|0|8|True|False|2055|2017|1
2023|0(0, 1, 0, 1, 0, 0, 0, 0)|0|8|True|False|2055|2011|1
2024|0(1, 0, 0, 1, 0, 0, 0, 0)|0|8|True|False|2055|2004|1
2025|1(0, 0, 0, 1, 0, 0, 0, 0)|1|8|False|False|2055|1996|1
2026|0(0, 0, 0(0), 0, 0, 0, 0, 0)|0|8|True|False|6785|1023|0
2027|0(0, 1, 1, 0, 0, 0, 0, 0)|0|8|True|False|2055|2010|1
2028|0(1, 0, 1, 0, 0, 0, 0, 0)|0|8|True|False|2055|2003|1
2029|1(0, 0, 1, 0, 0, 0, 0, 0)|1|8|False|False|2055|1995|1
2030|0(0, 0(0), 0, 0, 0, 0, 0, 0)|0|8|True|False|6488|1023|0
2031|0(1, 1, 0, 0, 0, 0, 0, 0)|0|8|True|False|2055|2002|1
2032|1(0, 1, 0, 0, 0, 0, 0, 0)|1|8|False|False|2055|1994|1
2033|0(0(0), 0, 0, 0, 0, 0, 0, 0)|0|8|True|False|5487|1023|0
2034|1(1, 0, 0, 0, 0, 0, 0, 0)|1|8|False|False|2055|1993|1
2035|2(0, 0, 0, 0, 0, 0, 0, 0)|2|8|False|False|2055|1992|2
2036|0(0, 0, 0, 0, 0, 0, 0, 0, 1)|0|9|True|False|6917|2046|1
2037|0(0, 0, 0, 0, 0, 0, 0, 1, 0)|0|9|True|False|6917|2045|1
2038|0(0, 0, 0, 0, 0, 0, 1, 0, 0)|0|9|True|False|6917|2044|1
2039|0(0, 0, 0, 0, 0, 1, 0, 0, 0)|0|9|True|False|6917|2043|1
2040|0(0, 0, 0, 0, 1, 0, 0, 0, 0)|0|9|True|False|6917|2042|1
2041|0(0, 0, 0, 1, 0, 0, 0, 0, 0)|0|9|True|False|6917|2041|1
2042|0(0, 0, 1, 0, 0, 0, 0, 0, 0)|0|9|True|False|6917|2040|1
2043|0(0, 1, 0, 0, 0, 0, 0, 0, 0)|0|9|True|False|6917|2039|1
2044|0(1, 0, 0, 0, 0, 0, 0, 0, 0)|0|9|True|False|6917|2038|1
2045|1(0, 0, 0, 0, 0, 0, 0, 0, 0)|1|9|False|False|6917|2037|1
2046|0(0, 0, 0, 0, 0, 0, 0, 0, 0, 0)|0|10|True|False|23713|2047|0
2047|11|11|0|False|True|0|2048|11
